Accession,Temperature,Replicate,Abundance
Q4J7Q1,82.1,REP3,394322740.464978
Q4J7Q1,85.9,REP3,267714890.113641
Q4J7Q1,89.7,REP3,128898453.232092
Q4J7Q1,78.3,REP3,441777325.433844
Q4J7Q1,71.3,REP3,479752502.280427
Q4J7Q1,74.3,REP3,346098396.787276
Q4J7Q1,93.7,REP3,15720831.4297227
Q4J7Q1,96.7,REP3,12861234.3703996
Q4J7Q1,69.5,REP3,359331170.751094
Q4J7Q1,99.3,REP3,12540537.9109083
Q4J7Q1,98.6,REP3,15032863.2305481
Q4J7Q1,68.8,REP3,599804965.035323
Q4JBK3,68.8,REP1,5078925.7254602
Q4JBK3,98.6,REP1,302153.574651393
Q4JBK3,99.3,REP1,3938972.44052073
Q4JBK3,69.5,REP1,4196765.10582956
Q4JBK3,74.3,REP1,2053568.64283674
Q4JBK3,71.3,REP1,4524334.20748822
Q4JBK3,93.7,REP1,694839.423423067
Q4JBK3,89.7,REP1,2914040.16426788
Q4JBK3,85.9,REP1,3017554.09994066
Q4JBK3,96.7,REP1,3291857.75418642
Q4JBK3,78.3,REP1,5399783.18045501
Q4JBK3,82.1,REP1,2866713.55249728
Q4J916,68.8,REP1,119678265.221149
Q4J916,98.6,REP1,76670350.6127472
Q4J916,99.3,REP1,71419231.5513699
Q4J916,69.5,REP1,89720581.6150254
Q4J916,74.3,REP1,71087097.6150793
Q4J916,71.3,REP1,118614640.696394
Q4J916,93.7,REP1,80555369.1091293
Q4J916,89.7,REP1,121360509.175023
Q4J916,85.9,REP1,91288991.8581232
Q4J916,96.7,REP1,82962838.3329093
Q4J916,78.3,REP1,114822661.816031
Q4J916,82.1,REP1,82440551.4834769
Q4J910,68.8,REP1,96500169.7577951
Q4J910,98.6,REP1,25589830.6405145
Q4J910,99.3,REP1,31510354.7391763
Q4J910,69.5,REP1,62674847.5770543
Q4J910,74.3,REP1,59198126.7308362
Q4J910,71.3,REP1,83420853.4368385
Q4J910,93.7,REP1,27036848.0907977
Q4J910,89.7,REP1,84295170.4347122
Q4J910,85.9,REP1,66198771.1969533
Q4J910,96.7,REP1,20733769.0992949
Q4J910,78.3,REP1,88309555.4412568
Q4J910,82.1,REP1,80245233.0373842
Q4JC28,93.7,REP2,2225256.22527176
Q4JC28,69.5,REP2,4176146.66164292
Q4JC28,71.3,REP2,3683962.35758713
Q4JC28,89.7,REP2,2787935.22352599
Q4JC28,68.8,REP2,4562465.62087612
Q4JC28,98.6,REP2,0.0
Q4JC28,78.3,REP2,3632979.44163115
Q4JC28,96.7,REP2,4377479.913711
Q4JC28,74.3,REP2,2827836.19934135
Q4JC28,99.3,REP2,0.0
Q4JC28,82.1,REP2,2277532.02967351
Q4JC28,85.9,REP2,4335865.61872242
Q4JCH3,82.1,REP3,16784227.6002705
Q4JCH3,85.9,REP3,15451040.7282059
Q4JCH3,89.7,REP3,26062921.9656844
Q4JCH3,78.3,REP3,30199681.4623888
Q4JCH3,71.3,REP3,37614754.148968
Q4JCH3,74.3,REP3,14709872.7336337
Q4JCH3,93.7,REP3,9050560.50623251
Q4JCH3,96.7,REP3,26262692.9195254
Q4JCH3,69.5,REP3,37663088.3617363
Q4JCH3,99.3,REP3,30445323.6982313
Q4JCH3,98.6,REP3,23069041.2953245
Q4JCH3,68.8,REP3,36383895.798146
Q4J7R9,68.8,REP1,2675313.91438195
Q4J7R9,98.6,REP1,0.0
Q4J7R9,99.3,REP1,0.0
Q4J7R9,69.5,REP1,667606.72208053
Q4J7R9,74.3,REP1,2517527.20736784
Q4J7R9,71.3,REP1,2515601.9280952
Q4J7R9,93.7,REP1,176193.478708177
Q4J7R9,89.7,REP1,1204071.7546367
Q4J7R9,85.9,REP1,1450594.95082629
Q4J7R9,96.7,REP1,1734989.35090586
Q4J7R9,78.3,REP1,5039925.68561007
Q4J7R9,82.1,REP1,2697838.84257808
Q4JAC6,82.1,REP3,14384196.7491248
Q4JAC6,85.9,REP3,8187579.92745225
Q4JAC6,89.7,REP3,13886534.2255994
Q4JAC6,78.3,REP3,10679315.8793032
Q4JAC6,71.3,REP3,13818934.1469031
Q4JAC6,74.3,REP3,7483123.77260062
Q4JAC6,93.7,REP3,12819399.4523818
Q4JAC6,96.7,REP3,7467038.84933168
Q4JAC6,69.5,REP3,1885183.07528943
Q4JAC6,99.3,REP3,9108499.16407746
Q4JAC6,98.6,REP3,4741732.37532295
Q4JAC6,68.8,REP3,11157731.8573916
Q4J7D6,93.7,REP2,0.0
Q4J7D6,69.5,REP2,4479833.17146524
Q4J7D6,71.3,REP2,5944389.96212548
Q4J7D6,89.7,REP2,0.0
Q4J7D6,68.8,REP2,0.0
Q4J7D6,98.6,REP2,0.0
Q4J7D6,78.3,REP2,5222452.41641599
Q4J7D6,96.7,REP2,0.0
Q4J7D6,74.3,REP2,3509199.64815257
Q4J7D6,99.3,REP2,0.0
Q4J7D6,82.1,REP2,2906663.42255912
Q4J7D6,85.9,REP2,3525512.0012355
Q4J8D3,68.8,REP1,39812101.8261354
Q4J8D3,98.6,REP1,3918160.63921785
Q4J8D3,99.3,REP1,6030097.44665181
Q4J8D3,69.5,REP1,26841750.5312999
Q4J8D3,74.3,REP1,22543590.3349377
Q4J8D3,71.3,REP1,31887266.8460067
Q4J8D3,93.7,REP1,6542116.77636322
Q4J8D3,89.7,REP1,13551071.430339
Q4J8D3,85.9,REP1,16721904.2510979
Q4J8D3,96.7,REP1,3967916.93017545
Q4J8D3,78.3,REP1,30633003.0274832
Q4J8D3,82.1,REP1,24702866.2899721
Q4JBA5,93.7,REP2,1334809.33271122
Q4JBA5,69.5,REP2,2057571.41198813
Q4JBA5,71.3,REP2,3872846.89580049
Q4JBA5,89.7,REP2,3814127.37664416
Q4JBA5,68.8,REP2,3840131.28932706
Q4JBA5,98.6,REP2,58557.934672262
Q4JBA5,78.3,REP2,5901260.5863983
Q4JBA5,96.7,REP2,0.0
Q4JBA5,74.3,REP2,3111838.33053367
Q4JBA5,99.3,REP2,0.0
Q4JBA5,82.1,REP2,3179180.44989565
Q4JBA5,85.9,REP2,4834595.72773518
Q4J9M9,68.8,REP1,22955889.6850302
Q4J9M9,98.6,REP1,13537077.5258014
Q4J9M9,99.3,REP1,13887956.4048937
Q4J9M9,69.5,REP1,15100691.6715379
Q4J9M9,74.3,REP1,19348944.2568939
Q4J9M9,71.3,REP1,20349754.2876487
Q4J9M9,93.7,REP1,15096687.6628216
Q4J9M9,89.7,REP1,18808011.6848492
Q4J9M9,85.9,REP1,18284776.1346234
Q4J9M9,96.7,REP1,13327816.3949954
Q4J9M9,78.3,REP1,23233554.5481956
Q4J9M9,82.1,REP1,18593249.8144447
Q4J7V6,68.8,REP1,0.0
Q4J7V6,98.6,REP1,0.0
Q4J7V6,99.3,REP1,0.0
Q4J7V6,69.5,REP1,0.0
Q4J7V6,74.3,REP1,0.0
Q4J7V6,71.3,REP1,0.0
Q4J7V6,93.7,REP1,0.0
Q4J7V6,89.7,REP1,0.0
Q4J7V6,85.9,REP1,0.0
Q4J7V6,96.7,REP1,0.0
Q4J7V6,78.3,REP1,0.0
Q4J7V6,82.1,REP1,0.0
Q4J843,93.7,REP2,2769365.79082137
Q4J843,69.5,REP2,6063410.509022
Q4J843,71.3,REP2,12988688.4357944
Q4J843,89.7,REP2,10178545.6683313
Q4J843,68.8,REP2,14155993.9418823
Q4J843,98.6,REP2,1643901.0131202
Q4J843,78.3,REP2,9783462.48399975
Q4J843,96.7,REP2,2340670.90267773
Q4J843,74.3,REP2,3058505.59156095
Q4J843,99.3,REP2,1188186.17326274
Q4J843,82.1,REP2,4742731.53012033
Q4J843,85.9,REP2,5556164.81604105
Q4JAP2,82.1,REP3,1242946875.22154
Q4JAP2,85.9,REP3,1043487911.27147
Q4JAP2,89.7,REP3,958157336.706863
Q4JAP2,78.3,REP3,1306255632.68411
Q4JAP2,71.3,REP3,1395100701.78547
Q4JAP2,74.3,REP3,1115274821.80505
Q4JAP2,93.7,REP3,452393261.980774
Q4JAP2,96.7,REP3,272856193.366391
Q4JAP2,69.5,REP3,1059133835.08323
Q4JAP2,99.3,REP3,230231215.524115
Q4JAP2,98.6,REP3,143892830.220407
Q4JAP2,68.8,REP3,1848619775.21887
Q4J860,82.1,REP3,340653184.914578
Q4J860,85.9,REP3,288313046.682116
Q4J860,89.7,REP3,207843915.529615
Q4J860,78.3,REP3,372355681.626538
Q4J860,71.3,REP3,405739178.11813
Q4J860,74.3,REP3,290662858.564532
Q4J860,93.7,REP3,37686594.9541321
Q4J860,96.7,REP3,15483966.1445169
Q4J860,69.5,REP3,322041812.12169
Q4J860,99.3,REP3,10098714.0034121
Q4J860,98.6,REP3,9408669.27549749
Q4J860,68.8,REP3,534544739.473892
Q4JBZ9,82.1,REP3,9930866.84688051
Q4JBZ9,85.9,REP3,4515576.31163564
Q4JBZ9,89.7,REP3,4195441.63268564
Q4JBZ9,78.3,REP3,14730288.6754438
Q4JBZ9,71.3,REP3,24872630.1327544
Q4JBZ9,74.3,REP3,15497144.7591906
Q4JBZ9,93.7,REP3,2581707.48593812
Q4JBZ9,96.7,REP3,3290305.95569904
Q4JBZ9,69.5,REP3,23674504.1177526
Q4JBZ9,99.3,REP3,2775082.19045021
Q4JBZ9,98.6,REP3,3658231.16543843
Q4JBZ9,68.8,REP3,38716171.8428658
Q4JAR2,68.8,REP1,7055316.88049965
Q4JAR2,98.6,REP1,0.0
Q4JAR2,99.3,REP1,0.0
Q4JAR2,69.5,REP1,3912385.33400513
Q4JAR2,74.3,REP1,1906708.3351639
Q4JAR2,71.3,REP1,5068597.97838192
Q4JAR2,93.7,REP1,989470.531936136
Q4JAR2,89.7,REP1,0.0
Q4JAR2,85.9,REP1,3132654.19973335
Q4JAR2,96.7,REP1,0.0
Q4JAR2,78.3,REP1,5962044.95628514
Q4JAR2,82.1,REP1,5146261.21932411
Q4JBG3,68.8,REP1,11998558.1627565
Q4JBG3,98.6,REP1,1011025.00133275
Q4JBG3,99.3,REP1,0.0
Q4JBG3,69.5,REP1,6420578.64698155
Q4JBG3,74.3,REP1,5748891.72502506
Q4JBG3,71.3,REP1,9376935.10365798
Q4JBG3,93.7,REP1,2805521.1508254
Q4JBG3,89.7,REP1,2049168.6119833
Q4JBG3,85.9,REP1,1924413.82547997
Q4JBG3,96.7,REP1,2160540.31590594
Q4JBG3,78.3,REP1,8036044.33197434
Q4JBG3,82.1,REP1,5107859.44153018
Q4JB50,93.7,REP2,7786605.90391724
Q4JB50,69.5,REP2,100308996.181828
Q4JB50,71.3,REP2,104416255.592616
Q4JB50,89.7,REP2,4737679.93914844
Q4JB50,68.8,REP2,135692260.607835
Q4JB50,98.6,REP2,2736378.70776706
Q4JB50,78.3,REP2,68477554.3374135
Q4JB50,96.7,REP2,3020992.79271055
Q4JB50,74.3,REP2,93069975.0822585
Q4JB50,99.3,REP2,2684226.33002379
Q4JB50,82.1,REP2,43573512.1258236
Q4JB50,85.9,REP2,9902640.07422729
Q4J7U7,68.8,REP1,0.0
Q4J7U7,98.6,REP1,0.0
Q4J7U7,99.3,REP1,0.0
Q4J7U7,69.5,REP1,1290414.18777643
Q4J7U7,74.3,REP1,2574891.10852842
Q4J7U7,71.3,REP1,1763784.38002684
Q4J7U7,93.7,REP1,1827727.86865061
Q4J7U7,89.7,REP1,0.0
Q4J7U7,85.9,REP1,1368346.59837997
Q4J7U7,96.7,REP1,0.0
Q4J7U7,78.3,REP1,1903571.57615289
Q4J7U7,82.1,REP1,2802175.64022601
Q4J7J5,93.7,REP2,6035664.89832905
Q4J7J5,69.5,REP2,4912391.47103477
Q4J7J5,71.3,REP2,4286313.96422071
Q4J7J5,89.7,REP2,455584.460848024
Q4J7J5,68.8,REP2,2684589.28284762
Q4J7J5,98.6,REP2,4032794.70165349
Q4J7J5,78.3,REP2,3751773.70850249
Q4J7J5,96.7,REP2,3016025.48601278
Q4J7J5,74.3,REP2,1553644.51947794
Q4J7J5,99.3,REP2,0.0
Q4J7J5,82.1,REP2,3429840.45736223
Q4J7J5,85.9,REP2,1983153.72855432
Q4JA64,93.7,REP2,3395251.59624851
Q4JA64,69.5,REP2,6526440.23039326
Q4JA64,71.3,REP2,8556940.99498096
Q4JA64,89.7,REP2,3289892.74513131
Q4JA64,68.8,REP2,7018894.60979285
Q4JA64,98.6,REP2,2839977.5722446
Q4JA64,78.3,REP2,4316317.97398305
Q4JA64,96.7,REP2,2409007.69090475
Q4JA64,74.3,REP2,5259592.89208682
Q4JA64,99.3,REP2,4274248.72674844
Q4JA64,82.1,REP2,6412079.976026
Q4JA64,85.9,REP2,5257384.52079511
Q4J963,68.8,REP1,15303601.7629112
Q4J963,98.6,REP1,3903026.77003556
Q4J963,99.3,REP1,5750104.21995118
Q4J963,69.5,REP1,15462475.3391904
Q4J963,74.3,REP1,9665526.0239419
Q4J963,71.3,REP1,13778478.2450654
Q4J963,93.7,REP1,4135630.74827522
Q4J963,89.7,REP1,9352804.29567446
Q4J963,85.9,REP1,10593150.0346356
Q4J963,96.7,REP1,2269193.77860654
Q4J963,78.3,REP1,15613163.3848507
Q4J963,82.1,REP1,11873397.3635793
Q4JAD2,82.1,REP3,2490257.72146059
Q4JAD2,85.9,REP3,2048222.79377946
Q4JAD2,89.7,REP3,1527714.55105579
Q4JAD2,78.3,REP3,3712891.09519011
Q4JAD2,71.3,REP3,2978146.78831743
Q4JAD2,74.3,REP3,2586419.08822126
Q4JAD2,93.7,REP3,429100.764285229
Q4JAD2,96.7,REP3,283046.990598468
Q4JAD2,69.5,REP3,2239182.26942804
Q4JAD2,99.3,REP3,251637.691263025
Q4JAD2,98.6,REP3,296316.352489566
Q4JAD2,68.8,REP3,1560069.21695766
Q4J864,82.1,REP3,5422371.26893571
Q4J864,85.9,REP3,2498290.73416652
Q4J864,89.7,REP3,4035422.00006316
Q4J864,78.3,REP3,867384.720573739
Q4J864,71.3,REP3,8359894.49263027
Q4J864,74.3,REP3,2276329.6278885
Q4J864,93.7,REP3,1973073.00241721
Q4J864,96.7,REP3,2151796.70548263
Q4J864,69.5,REP3,1841925.11531742
Q4J864,99.3,REP3,1637227.11183019
Q4J864,98.6,REP3,1464515.4140791
Q4J864,68.8,REP3,17092489.0928899
Q4J785,68.8,REP1,19869821.692434
Q4J785,98.6,REP1,10064972.7920955
Q4J785,99.3,REP1,6187375.54794299
Q4J785,69.5,REP1,13161349.3784761
Q4J785,74.3,REP1,9951532.30034545
Q4J785,71.3,REP1,21712386.409375
Q4J785,93.7,REP1,8909085.57103394
Q4J785,89.7,REP1,25060138.1119515
Q4J785,85.9,REP1,15510998.242327
Q4J785,96.7,REP1,8154268.1811256
Q4J785,78.3,REP1,21337807.4288516
Q4J785,82.1,REP1,14037396.9872739
Q4J8X4,82.1,REP3,16766882.9943358
Q4J8X4,85.9,REP3,7097802.37170504
Q4J8X4,89.7,REP3,4955297.96405733
Q4J8X4,78.3,REP3,16943789.1722009
Q4J8X4,71.3,REP3,22210758.9109983
Q4J8X4,74.3,REP3,19672159.5359493
Q4J8X4,93.7,REP3,3005517.0203565
Q4J8X4,96.7,REP3,1999789.22576678
Q4J8X4,69.5,REP3,15119114.2142987
Q4J8X4,99.3,REP3,1613488.52260695
Q4J8X4,98.6,REP3,1097809.23566613
Q4J8X4,68.8,REP3,32533316.4419477
Q4JC83,68.8,REP1,43755286.8156303
Q4JC83,98.6,REP1,2601701.16704126
Q4JC83,99.3,REP1,4137291.94581839
Q4JC83,69.5,REP1,28536274.6585796
Q4JC83,74.3,REP1,24102101.7518831
Q4JC83,71.3,REP1,39516541.7752381
Q4JC83,93.7,REP1,11783210.7967378
Q4JC83,89.7,REP1,22864396.5108327
Q4JC83,85.9,REP1,24410671.2367269
Q4JC83,96.7,REP1,6217438.41236291
Q4JC83,78.3,REP1,34082463.949615
Q4JC83,82.1,REP1,29087515.8298489
Q4JBY5,68.8,REP1,0.0
Q4JBY5,98.6,REP1,0.0
Q4JBY5,99.3,REP1,0.0
Q4JBY5,69.5,REP1,39742474.1666666
Q4JBY5,74.3,REP1,0.0
Q4JBY5,71.3,REP1,0.0
Q4JBY5,93.7,REP1,0.0
Q4JBY5,89.7,REP1,28774950.8333333
Q4JBY5,85.9,REP1,0.0
Q4JBY5,96.7,REP1,18650723.0
Q4JBY5,78.3,REP1,0.0
Q4JBY5,82.1,REP1,0.0
Q4J7R1,82.1,REP3,99106043.7359884
Q4J7R1,85.9,REP3,79552181.5371678
Q4J7R1,89.7,REP3,65044327.0222478
Q4J7R1,78.3,REP3,91234200.0803338
Q4J7R1,71.3,REP3,95867375.1435778
Q4J7R1,74.3,REP3,81598273.6316725
Q4J7R1,93.7,REP3,19182946.9414099
Q4J7R1,96.7,REP3,6486171.63497921
Q4J7R1,69.5,REP3,73858259.406018
Q4J7R1,99.3,REP3,3723515.99379971
Q4J7R1,98.6,REP3,2129389.87702208
Q4J7R1,68.8,REP3,140870348.537521
Q4JAC2,93.7,REP2,2934856.26477188
Q4JAC2,69.5,REP2,3222942.53979679
Q4JAC2,71.3,REP2,0.0
Q4JAC2,89.7,REP2,2945420.09970333
Q4JAC2,68.8,REP2,3913124.27846623
Q4JAC2,98.6,REP2,1970402.40531123
Q4JAC2,78.3,REP2,9758459.46798776
Q4JAC2,96.7,REP2,5661635.074479
Q4JAC2,74.3,REP2,1975665.22735181
Q4JAC2,99.3,REP2,2579926.10951682
Q4JAC2,82.1,REP2,3722090.09443887
Q4JAC2,85.9,REP2,4648903.46329385
Q4J7H1,68.8,REP1,0.0
Q4J7H1,98.6,REP1,0.0
Q4J7H1,99.3,REP1,3965860.3888421
Q4J7H1,69.5,REP1,0.0
Q4J7H1,74.3,REP1,2581497.29554424
Q4J7H1,71.3,REP1,0.0
Q4J7H1,93.7,REP1,0.0
Q4J7H1,89.7,REP1,0.0
Q4J7H1,85.9,REP1,0.0
Q4J7H1,96.7,REP1,4373514.41641977
Q4J7H1,78.3,REP1,0.0
Q4J7H1,82.1,REP1,0.0
Q4JBB7,93.7,REP2,0.0
Q4JBB7,69.5,REP2,491146.156208663
Q4JBB7,71.3,REP2,2536828.3894156
Q4JBB7,89.7,REP2,2092789.93564185
Q4JBB7,68.8,REP2,0.0
Q4JBB7,98.6,REP2,0.0
Q4JBB7,78.3,REP2,1369367.9378342
Q4JBB7,96.7,REP2,1215789.37781724
Q4JBB7,74.3,REP2,1026255.63860555
Q4JBB7,99.3,REP2,1614114.64835629
Q4JBB7,82.1,REP2,1190750.38736515
Q4JBB7,85.9,REP2,1611058.86886539
Q4JBR0,93.7,REP2,1438865.64513486
Q4JBR0,69.5,REP2,6863698.96346524
Q4JBR0,71.3,REP2,7260454.73514544
Q4JBR0,89.7,REP2,3201470.41999967
Q4JBR0,68.8,REP2,7728047.37935328
Q4JBR0,98.6,REP2,1417514.19959801
Q4JBR0,78.3,REP2,4250153.18532099
Q4JBR0,96.7,REP2,2168488.58663065
Q4JBR0,74.3,REP2,2991697.62992517
Q4JBR0,99.3,REP2,1798986.27251849
Q4JBR0,82.1,REP2,3890528.54753597
Q4JBR0,85.9,REP2,2950773.48071381
Q4JAP4,82.1,REP3,2058860.40992555
Q4JAP4,85.9,REP3,1534270.06390844
Q4JAP4,89.7,REP3,0.0
Q4JAP4,78.3,REP3,6330956.76765143
Q4JAP4,71.3,REP3,10502277.8217415
Q4JAP4,74.3,REP3,7196772.87591517
Q4JAP4,93.7,REP3,0.0
Q4JAP4,96.7,REP3,0.0
Q4JAP4,69.5,REP3,8329929.24345424
Q4JAP4,99.3,REP3,0.0
Q4JAP4,98.6,REP3,0.0
Q4JAP4,68.8,REP3,14471556.7681131
Q4JBY8,82.1,REP3,22403424.7989743
Q4JBY8,85.9,REP3,21745636.8535766
Q4JBY8,89.7,REP3,24818090.8897309
Q4JBY8,78.3,REP3,25230125.5452443
Q4JBY8,71.3,REP3,25251679.5279524
Q4JBY8,74.3,REP3,15642667.3133934
Q4JBY8,93.7,REP3,14208037.3422623
Q4JBY8,96.7,REP3,19201948.9502593
Q4JBY8,69.5,REP3,22093153.6681665
Q4JBY8,99.3,REP3,11542946.8397377
Q4JBY8,98.6,REP3,17773030.3709459
Q4JBY8,68.8,REP3,35273451.3017393
Q4J7J5,68.8,REP1,0.0
Q4J7J5,98.6,REP1,0.0
Q4J7J5,99.3,REP1,0.0
Q4J7J5,69.5,REP1,3697481.15441679
Q4J7J5,74.3,REP1,0.0
Q4J7J5,71.3,REP1,6847727.19807781
Q4J7J5,93.7,REP1,0.0
Q4J7J5,89.7,REP1,0.0
Q4J7J5,85.9,REP1,0.0
Q4J7J5,96.7,REP1,0.0
Q4J7J5,78.3,REP1,16039009.3925697
Q4J7J5,82.1,REP1,0.0
Q4J715,68.8,REP1,40180415.8712464
Q4J715,98.6,REP1,23242707.56344
Q4J715,99.3,REP1,21807957.805273
Q4J715,69.5,REP1,30261837.8789098
Q4J715,74.3,REP1,23552216.7213329
Q4J715,71.3,REP1,37364882.5523233
Q4J715,93.7,REP1,26443885.5740597
Q4J715,89.7,REP1,34864703.2524304
Q4J715,85.9,REP1,31399522.6083508
Q4J715,96.7,REP1,24322965.9438591
Q4J715,78.3,REP1,40471017.4225847
Q4J715,82.1,REP1,30739461.0988363
Q4J840,82.1,REP3,2274651.4865103
Q4J840,85.9,REP3,2530118.70277672
Q4J840,89.7,REP3,12042774.0662364
Q4J840,78.3,REP3,5366973.57936782
Q4J840,71.3,REP3,12057466.2309837
Q4J840,74.3,REP3,3979224.6287322
Q4J840,93.7,REP3,3303032.09490518
Q4J840,96.7,REP3,4662495.44137475
Q4J840,69.5,REP3,5469471.8368464
Q4J840,99.3,REP3,2583640.73400654
Q4J840,98.6,REP3,0.0
Q4J840,68.8,REP3,10630663.3489218
Q4J7U2,68.8,REP1,20323061.3755212
Q4J7U2,98.6,REP1,17294548.9597348
Q4J7U2,99.3,REP1,16673719.2831346
Q4J7U2,69.5,REP1,12257263.5019971
Q4J7U2,74.3,REP1,10729998.1739157
Q4J7U2,71.3,REP1,15506931.1691858
Q4J7U2,93.7,REP1,9073475.40070297
Q4J7U2,89.7,REP1,10356628.4240777
Q4J7U2,85.9,REP1,11797385.0113091
Q4J7U2,96.7,REP1,9346584.99957947
Q4J7U2,78.3,REP1,17644925.6884884
Q4J7U2,82.1,REP1,12850789.6730856
Q4J7X7,68.8,REP1,19011371.6096227
Q4J7X7,98.6,REP1,0.0
Q4J7X7,99.3,REP1,0.0
Q4J7X7,69.5,REP1,16662064.665716
Q4J7X7,74.3,REP1,14164789.7464415
Q4J7X7,71.3,REP1,15587909.899616
Q4J7X7,93.7,REP1,0.0
Q4J7X7,89.7,REP1,16774825.3385813
Q4J7X7,85.9,REP1,18466867.5381213
Q4J7X7,96.7,REP1,0.0
Q4J7X7,78.3,REP1,19058475.8747678
Q4J7X7,82.1,REP1,11441746.3274115
Q4JC71,68.8,REP1,24880555.473797
Q4JC71,98.6,REP1,10543299.7445576
Q4JC71,99.3,REP1,8817313.84961485
Q4JC71,69.5,REP1,18863842.4782143
Q4JC71,74.3,REP1,16842870.8221977
Q4JC71,71.3,REP1,22832579.4491348
Q4JC71,93.7,REP1,16966186.9820292
Q4JC71,89.7,REP1,19090158.5367677
Q4JC71,85.9,REP1,20361349.6019021
Q4JC71,96.7,REP1,12637172.0642785
Q4JC71,78.3,REP1,22289498.4044227
Q4JC71,82.1,REP1,19521539.0259188
Q4JAC3,68.8,REP1,24994857.0654802
Q4JAC3,98.6,REP1,5692500.14274338
Q4JAC3,99.3,REP1,6173100.08364494
Q4JAC3,69.5,REP1,19049438.7252843
Q4JAC3,74.3,REP1,15627040.4370534
Q4JAC3,71.3,REP1,27662035.8756191
Q4JAC3,93.7,REP1,10445730.2012113
Q4JAC3,89.7,REP1,21143488.5771615
Q4JAC3,85.9,REP1,18244233.655483
Q4JAC3,96.7,REP1,9111653.20897546
Q4JAC3,78.3,REP1,24760486.5985685
Q4JAC3,82.1,REP1,20932873.2548106
Q4J7N0,93.7,REP2,5940182.54243776
Q4J7N0,69.5,REP2,7322335.52122464
Q4J7N0,71.3,REP2,9805715.87728922
Q4J7N0,89.7,REP2,8493646.50686025
Q4J7N0,68.8,REP2,9865759.6656638
Q4J7N0,98.6,REP2,6163975.88938729
Q4J7N0,78.3,REP2,8994655.99827907
Q4J7N0,96.7,REP2,6194549.3860052
Q4J7N0,74.3,REP2,6259538.79640802
Q4J7N0,99.3,REP2,9428348.11456743
Q4J7N0,82.1,REP2,6899872.16639103
Q4J7N0,85.9,REP2,5935243.46490319
Q4J7A5,93.7,REP2,211391.926944578
Q4J7A5,69.5,REP2,837116.759776263
Q4J7A5,71.3,REP2,1510939.49112825
Q4J7A5,89.7,REP2,926985.390202202
Q4J7A5,68.8,REP2,1041531.22251434
Q4J7A5,98.6,REP2,0.0
Q4J7A5,78.3,REP2,1018637.38028823
Q4J7A5,96.7,REP2,387604.366007238
Q4J7A5,74.3,REP2,769938.798029544
Q4J7A5,99.3,REP2,783121.959142996
Q4J7A5,82.1,REP2,896147.861119551
Q4J7A5,85.9,REP2,564757.187298719
Q4J7W7,82.1,REP3,14895380.4720046
Q4J7W7,85.9,REP3,3398193.13281216
Q4J7W7,89.7,REP3,14654522.9595265
Q4J7W7,78.3,REP3,13075676.1091125
Q4J7W7,71.3,REP3,21840168.9061776
Q4J7W7,74.3,REP3,11153019.9879295
Q4J7W7,93.7,REP3,2290701.2327603
Q4J7W7,96.7,REP3,5934827.31126289
Q4J7W7,69.5,REP3,11551265.3554336
Q4J7W7,99.3,REP3,5071102.19401016
Q4J7W7,98.6,REP3,7048217.56600736
Q4J7W7,68.8,REP3,23187479.8001115
Q4J6G3,93.7,REP2,10267494.745356
Q4J6G3,69.5,REP2,17191501.8093876
Q4J6G3,71.3,REP2,22916736.5699468
Q4J6G3,89.7,REP2,15868489.7962612
Q4J6G3,68.8,REP2,21997870.3275043
Q4J6G3,98.6,REP2,6023223.3736641
Q4J6G3,78.3,REP2,19569844.4271355
Q4J6G3,96.7,REP2,7413527.71090205
Q4J6G3,74.3,REP2,16938937.20001
Q4J6G3,99.3,REP2,2617501.80337304
Q4J6G3,82.1,REP2,15549924.9327741
Q4J6G3,85.9,REP2,10107670.5826654
Q4J869,82.1,REP3,3652373.36652848
Q4J869,85.9,REP3,2608724.08387217
Q4J869,89.7,REP3,4664548.9327544
Q4J869,78.3,REP3,5249891.50729962
Q4J869,71.3,REP3,6493774.80254591
Q4J869,74.3,REP3,2577647.26658348
Q4J869,93.7,REP3,1895533.55397952
Q4J869,96.7,REP3,3138406.86738281
Q4J869,69.5,REP3,5284418.2372659
Q4J869,99.3,REP3,6080229.38629384
Q4J869,98.6,REP3,4517574.97841483
Q4J869,68.8,REP3,8913826.33751125
Q4J8E4,82.1,REP3,5711569.78138127
Q4J8E4,85.9,REP3,3900284.76328717
Q4J8E4,89.7,REP3,5651322.38211435
Q4J8E4,78.3,REP3,6122766.80709822
Q4J8E4,71.3,REP3,8694145.43753276
Q4J8E4,74.3,REP3,4002805.88088627
Q4J8E4,93.7,REP3,3751713.71592068
Q4J8E4,96.7,REP3,2642515.59094866
Q4J8E4,69.5,REP3,3483470.21899193
Q4J8E4,99.3,REP3,6554757.71749922
Q4J8E4,98.6,REP3,2272872.27691255
Q4J8E4,68.8,REP3,6800679.76781893
Q4J9C5,93.7,REP2,51634986.1320843
Q4J9C5,69.5,REP2,64641991.8692933
Q4J9C5,71.3,REP2,70629811.1471636
Q4J9C5,89.7,REP2,64414734.7868218
Q4J9C5,68.8,REP2,84744110.7873882
Q4J9C5,98.6,REP2,31109108.4012927
Q4J9C5,78.3,REP2,68465768.7731715
Q4J9C5,96.7,REP2,44060187.3151916
Q4J9C5,74.3,REP2,57652413.9012569
Q4J9C5,99.3,REP2,48393953.8475239
Q4J9C5,82.1,REP2,64593184.2755024
Q4J9C5,85.9,REP2,57680795.8863153
Q4JAA1,68.8,REP1,449705853.581169
Q4JAA1,98.6,REP1,97205827.8980414
Q4JAA1,99.3,REP1,34199099.1650101
Q4JAA1,69.5,REP1,396954620.283312
Q4JAA1,74.3,REP1,281171801.782861
Q4JAA1,71.3,REP1,424537916.624243
Q4JAA1,93.7,REP1,95054910.5459801
Q4JAA1,89.7,REP1,169610002.245434
Q4JAA1,85.9,REP1,192648685.67849
Q4JAA1,96.7,REP1,115348727.559772
Q4JAA1,78.3,REP1,453289415.860485
Q4JAA1,82.1,REP1,284358157.900489
Q4JA81,93.7,REP2,4886791.55786103
Q4JA81,69.5,REP2,16815916.9287175
Q4JA81,71.3,REP2,22130385.5139306
Q4JA81,89.7,REP2,8282179.50768301
Q4JA81,68.8,REP2,23623041.6431733
Q4JA81,98.6,REP2,877557.697782116
Q4JA81,78.3,REP2,18461109.7603878
Q4JA81,96.7,REP2,1203115.52288144
Q4JA81,74.3,REP2,13899155.6136142
Q4JA81,99.3,REP2,1144981.91437065
Q4JA81,82.1,REP2,13973570.5445579
Q4JA81,85.9,REP2,10760302.9943573
Q4J799,82.1,REP3,11137012.865279
Q4J799,85.9,REP3,6677986.56072063
Q4J799,89.7,REP3,5158118.61716622
Q4J799,78.3,REP3,17288388.0162248
Q4J799,71.3,REP3,18005423.8757807
Q4J799,74.3,REP3,13267398.0890222
Q4J799,93.7,REP3,927772.151456618
Q4J799,96.7,REP3,0.0
Q4J799,69.5,REP3,14285197.9672567
Q4J799,99.3,REP3,0.0
Q4J799,98.6,REP3,0.0
Q4J799,68.8,REP3,25205541.090049
Q4JC82,82.1,REP3,3872832.28850791
Q4JC82,85.9,REP3,2175806.01175286
Q4JC82,89.7,REP3,2731802.76219823
Q4JC82,78.3,REP3,3325419.22174722
Q4JC82,71.3,REP3,4376607.3417961
Q4JC82,74.3,REP3,2466245.44218894
Q4JC82,93.7,REP3,2016108.83817028
Q4JC82,96.7,REP3,730590.166344696
Q4JC82,69.5,REP3,3532744.84093055
Q4JC82,99.3,REP3,3089064.1977573
Q4JC82,98.6,REP3,0.0
Q4JC82,68.8,REP3,5621352.68058319
Q4JBG0,68.8,REP1,10159339.826878
Q4JBG0,98.6,REP1,0.0
Q4JBG0,99.3,REP1,0.0
Q4JBG0,69.5,REP1,4992827.19924254
Q4JBG0,74.3,REP1,6801198.97937769
Q4JBG0,71.3,REP1,8788351.41527343
Q4JBG0,93.7,REP1,524352.3666277712
Q4JBG0,89.7,REP1,2735164.84772518
Q4JBG0,85.9,REP1,6102006.52951753
Q4JBG0,96.7,REP1,0.0
Q4JBG0,78.3,REP1,9933252.69425344
Q4JBG0,82.1,REP1,10724557.0720158
F2Z6H9,68.8,REP1,46391389.6862478
F2Z6H9,98.6,REP1,10408124.3504884
F2Z6H9,99.3,REP1,7880797.84083684
F2Z6H9,69.5,REP1,31775992.912815
F2Z6H9,74.3,REP1,32620068.5879393
F2Z6H9,71.3,REP1,37893433.0089737
F2Z6H9,93.7,REP1,12190543.0497056
F2Z6H9,89.7,REP1,11970965.1505251
F2Z6H9,85.9,REP1,23551613.922222
F2Z6H9,96.7,REP1,28411846.285552
F2Z6H9,78.3,REP1,33783649.7579687
F2Z6H9,82.1,REP1,19440374.4636751
Q4J9W6,93.7,REP2,8900513.77752509
Q4J9W6,69.5,REP2,21188263.3985916
Q4J9W6,71.3,REP2,27789698.9030019
Q4J9W6,89.7,REP2,14859562.796081
Q4J9W6,68.8,REP2,29491320.6703437
Q4J9W6,98.6,REP2,3743693.40549965
Q4J9W6,78.3,REP2,26396828.4450736
Q4J9W6,96.7,REP2,5251546.78095117
Q4J9W6,74.3,REP2,23310292.3407019
Q4J9W6,99.3,REP2,852754.453923317
Q4J9W6,82.1,REP2,19363506.2890404
Q4J9W6,85.9,REP2,10022976.1467226
Q4J842,68.8,REP1,2091210.6320247
Q4J842,98.6,REP1,0.0
Q4J842,99.3,REP1,4786610.28019439
Q4J842,69.5,REP1,3292165.74978051
Q4J842,74.3,REP1,5999987.49325543
Q4J842,71.3,REP1,4632258.06613154
Q4J842,93.7,REP1,2735181.69749324
Q4J842,89.7,REP1,10385093.5595227
Q4J842,85.9,REP1,5531060.24554774
Q4J842,96.7,REP1,2895167.43691752
Q4J842,78.3,REP1,8459637.1269818
Q4J842,82.1,REP1,6838539.46705599
Q4J9B8,68.8,REP1,23082202.087584
Q4J9B8,98.6,REP1,0.0
Q4J9B8,99.3,REP1,0.0
Q4J9B8,69.5,REP1,16546245.4641526
Q4J9B8,74.3,REP1,12196665.6614181
Q4J9B8,71.3,REP1,18111591.887164
Q4J9B8,93.7,REP1,430036.360962591
Q4J9B8,89.7,REP1,4408403.34564957
Q4J9B8,85.9,REP1,8235245.00219786
Q4J9B8,96.7,REP1,1343095.51428608
Q4J9B8,78.3,REP1,16265031.4085304
Q4J9B8,82.1,REP1,12835170.5026942
Q4J7K2,93.7,REP2,11361527.5561623
Q4J7K2,69.5,REP2,9076024.72425061
Q4J7K2,71.3,REP2,11435809.0200156
Q4J7K2,89.7,REP2,12743279.264238
Q4J7K2,68.8,REP2,11412007.0912326
Q4J7K2,98.6,REP2,3397831.83467192
Q4J7K2,78.3,REP2,12502309.5671503
Q4J7K2,96.7,REP2,4103816.91453102
Q4J7K2,74.3,REP2,7602995.39277108
Q4J7K2,99.3,REP2,11291938.4282319
Q4J7K2,82.1,REP2,7857690.12922973
Q4J7K2,85.9,REP2,5016282.28626219
Q4JBL8,82.1,REP3,56863967.4421778
Q4JBL8,85.9,REP3,54871230.7274552
Q4JBL8,89.7,REP3,57463639.9088585
Q4JBL8,78.3,REP3,55632436.1167883
Q4JBL8,71.3,REP3,58429113.5919417
Q4JBL8,74.3,REP3,41116078.7221447
Q4JBL8,93.7,REP3,45590485.3326529
Q4JBL8,96.7,REP3,45254614.1898127
Q4JBL8,69.5,REP3,50796398.343248
Q4JBL8,99.3,REP3,53095238.2070812
Q4JBL8,98.6,REP3,51617169.1939915
Q4JBL8,68.8,REP3,78857490.4078729
Q4J9P1,93.7,REP2,76459057.7384979
Q4J9P1,69.5,REP2,215101958.066491
Q4J9P1,71.3,REP2,277178793.895123
Q4J9P1,89.7,REP2,173410186.307586
Q4J9P1,68.8,REP2,300631116.819885
Q4J9P1,98.6,REP2,12341335.9386576
Q4J9P1,78.3,REP2,267584910.915345
Q4J9P1,96.7,REP2,33475535.2917887
Q4J9P1,74.3,REP2,220063150.908932
Q4J9P1,99.3,REP2,24541528.3699797
Q4J9P1,82.1,REP2,250437046.234676
Q4J9P1,85.9,REP2,203128521.592998
Q4J6J7,68.8,REP1,6239047.68970027
Q4J6J7,98.6,REP1,1295913.86203289
Q4J6J7,99.3,REP1,0.0
Q4J6J7,69.5,REP1,4536323.14114305
Q4J6J7,74.3,REP1,4562628.97685742
Q4J6J7,71.3,REP1,4934572.9600094
Q4J6J7,93.7,REP1,1787601.03583842
Q4J6J7,89.7,REP1,3753240.81607024
Q4J6J7,85.9,REP1,3819250.93008012
Q4J6J7,96.7,REP1,2426792.41658658
Q4J6J7,78.3,REP1,4941510.05370133
Q4J6J7,82.1,REP1,2146282.36635036
Q4JAM4,93.7,REP2,31381462.6918999
Q4JAM4,69.5,REP2,41553314.635478
Q4JAM4,71.3,REP2,54221935.9473712
Q4JAM4,89.7,REP2,41667322.9155469
Q4JAM4,68.8,REP2,54911163.5760702
Q4JAM4,98.6,REP2,13821066.7096779
Q4JAM4,78.3,REP2,42201870.2023099
Q4JAM4,96.7,REP2,22713824.6671139
Q4JAM4,74.3,REP2,40053936.4070766
Q4JAM4,99.3,REP2,4960961.39897971
Q4JAM4,82.1,REP2,32420746.1456269
Q4JAM4,85.9,REP2,14166089.7104565
Q4JAL9,82.1,REP3,42766642.8362961
Q4JAL9,85.9,REP3,23320124.2012699
Q4JAL9,89.7,REP3,19810918.469179
Q4JAL9,78.3,REP3,51841342.1506635
Q4JAL9,71.3,REP3,70997549.9784607
Q4JAL9,74.3,REP3,31922478.7822699
Q4JAL9,93.7,REP3,9602107.54553193
Q4JAL9,96.7,REP3,9784786.50892052
Q4JAL9,69.5,REP3,56868121.6682598
Q4JAL9,99.3,REP3,13048487.1553324
Q4JAL9,98.6,REP3,17237138.6497936
Q4JAL9,68.8,REP3,92884215.782695
Q4JBG1,82.1,REP3,41014301.2451689
Q4JBG1,85.9,REP3,4581252.05128878
Q4JBG1,89.7,REP3,1322937.18137903
Q4JBG1,78.3,REP3,51478504.8232453
Q4JBG1,71.3,REP3,53375511.5136627
Q4JBG1,74.3,REP3,41690613.5964692
Q4JBG1,93.7,REP3,4324951.91541609
Q4JBG1,96.7,REP3,634315.181913258
Q4JBG1,69.5,REP3,41545105.9851139
Q4JBG1,99.3,REP3,710799.165477887
Q4JBG1,98.6,REP3,496110.229402863
Q4JBG1,68.8,REP3,77243578.0725722
Q4JA56,68.8,REP1,64766408.2949061
Q4JA56,98.6,REP1,382653.617852198
Q4JA56,99.3,REP1,4780936.09946493
Q4JA56,69.5,REP1,9161528.94389772
Q4JA56,74.3,REP1,25027673.7528176
Q4JA56,71.3,REP1,60157459.538341
Q4JA56,93.7,REP1,16328500.4061962
Q4JA56,89.7,REP1,38699080.0281774
Q4JA56,85.9,REP1,33668314.0394203
Q4JA56,96.7,REP1,2068522.09278692
Q4JA56,78.3,REP1,34641902.3258378
Q4JA56,82.1,REP1,14397473.1692428
Q4J724,82.1,REP3,3250051.88360536
Q4J724,85.9,REP3,1314339.44058964
Q4J724,89.7,REP3,1332820.98430553
Q4J724,78.3,REP3,3584894.45087461
Q4J724,71.3,REP3,4711174.23439433
Q4J724,74.3,REP3,3695994.84022996
Q4J724,93.7,REP3,593730.373266532
Q4J724,96.7,REP3,894021.043678172
Q4J724,69.5,REP3,3233836.50986463
Q4J724,99.3,REP3,0.0
Q4J724,98.6,REP3,722357.438767357
Q4J724,68.8,REP3,0.0
Q4J6S5,93.7,REP2,9234805.20733855
Q4J6S5,69.5,REP2,14413656.5739216
Q4J6S5,71.3,REP2,16219081.9407172
Q4J6S5,89.7,REP2,12898015.9808262
Q4J6S5,68.8,REP2,18010390.520978
Q4J6S5,98.6,REP2,9810918.1662025
Q4J6S5,78.3,REP2,15673200.4420938
Q4J6S5,96.7,REP2,8534844.64200777
Q4J6S5,74.3,REP2,10543512.2222888
Q4J6S5,99.3,REP2,15386378.9905877
Q4J6S5,82.1,REP2,13569877.5871345
Q4J6S5,85.9,REP2,12341942.1526752
P39464,82.1,REP3,52298957.7436573
P39464,85.9,REP3,45408780.7039008
P39464,89.7,REP3,85266932.2584154
P39464,78.3,REP3,107325076.654573
P39464,71.3,REP3,134603397.434034
P39464,74.3,REP3,44056235.2055563
P39464,93.7,REP3,25548882.4043534
P39464,96.7,REP3,34660503.0991382
P39464,69.5,REP3,114588547.806179
P39464,99.3,REP3,26660814.6985399
P39464,98.6,REP3,12461576.7713076
P39464,68.8,REP3,106544927.829379
Q4J959,68.8,REP1,7409409.8447619
Q4J959,98.6,REP1,6168728.73458397
Q4J959,99.3,REP1,5603860.71386098
Q4J959,69.5,REP1,2993723.54070404
Q4J959,74.3,REP1,4280215.7773458
Q4J959,71.3,REP1,7025822.53696901
Q4J959,93.7,REP1,3279982.22217173
Q4J959,89.7,REP1,4473842.65805165
Q4J959,85.9,REP1,2929751.94641171
Q4J959,96.7,REP1,5707878.26389301
Q4J959,78.3,REP1,8501072.11852678
Q4J959,82.1,REP1,2642369.39510428
Q4JAK9,68.8,REP1,5513956.04303951
Q4JAK9,98.6,REP1,7086911.30037972
Q4JAK9,99.3,REP1,4334184.4800388
Q4JAK9,69.5,REP1,5879995.35310382
Q4JAK9,74.3,REP1,7695380.64984137
Q4JAK9,71.3,REP1,5539297.44341577
Q4JAK9,93.7,REP1,3886599.71504158
Q4JAK9,89.7,REP1,5010785.41625331
Q4JAK9,85.9,REP1,2903543.22997395
Q4JAK9,96.7,REP1,4052130.89507266
Q4JAK9,78.3,REP1,5690271.78111963
Q4JAK9,82.1,REP1,4437946.22959244
Q4J7Z6,82.1,REP3,27864127.8421559
Q4J7Z6,85.9,REP3,23452739.9505217
Q4J7Z6,89.7,REP3,28999574.698257
Q4J7Z6,78.3,REP3,30046048.5670238
Q4J7Z6,71.3,REP3,39609514.3765448
Q4J7Z6,74.3,REP3,23074986.0105161
Q4J7Z6,93.7,REP3,19682527.8869594
Q4J7Z6,96.7,REP3,17183355.2105023
Q4J7Z6,69.5,REP3,28582118.4254915
Q4J7Z6,99.3,REP3,21249749.3055807
Q4J7Z6,98.6,REP3,21480903.3236151
Q4J7Z6,68.8,REP3,42642682.7251239
Q4JBM2,82.1,REP3,17042638.8771352
Q4JBM2,85.9,REP3,21704257.5529885
Q4JBM2,89.7,REP3,11331919.5056523
Q4JBM2,78.3,REP3,22016132.5346052
Q4JBM2,71.3,REP3,26111720.3095829
Q4JBM2,74.3,REP3,18266055.758331
Q4JBM2,93.7,REP3,12625552.4676655
Q4JBM2,96.7,REP3,5255374.85933869
Q4JBM2,69.5,REP3,16333571.6676339
Q4JBM2,99.3,REP3,2887936.13541212
Q4JBM2,98.6,REP3,346348.858242421
Q4JBM2,68.8,REP3,37528703.8393504
Q07271,82.1,REP3,10204955.1394217
Q07271,85.9,REP3,8186404.11267231
Q07271,89.7,REP3,7213307.18010764
Q07271,78.3,REP3,16423678.8984568
Q07271,71.3,REP3,17736011.9846543
Q07271,74.3,REP3,11335553.5598535
Q07271,93.7,REP3,2990965.08977244
Q07271,96.7,REP3,2447799.44903106
Q07271,69.5,REP3,16016748.3403551
Q07271,99.3,REP3,3129828.53006889
Q07271,98.6,REP3,3161095.20007765
Q07271,68.8,REP3,22431487.8785372
Q4J8Y8,82.1,REP3,200410022.497552
Q4J8Y8,85.9,REP3,103997345.209977
Q4J8Y8,89.7,REP3,69662074.0155745
Q4J8Y8,78.3,REP3,235636838.49503
Q4J8Y8,71.3,REP3,301663527.462781
Q4J8Y8,74.3,REP3,200667051.52609
Q4J8Y8,93.7,REP3,9065405.52695914
Q4J8Y8,96.7,REP3,4285468.04100097
Q4J8Y8,69.5,REP3,215584999.758446
Q4J8Y8,99.3,REP3,9163065.48666182
Q4J8Y8,98.6,REP3,4587724.11184717
Q4J8Y8,68.8,REP3,397584552.226378
Q4JBA2,82.1,REP3,0.0
Q4JBA2,85.9,REP3,2340193.45442767
Q4JBA2,89.7,REP3,0.0
Q4JBA2,78.3,REP3,0.0
Q4JBA2,71.3,REP3,11500126.5399466
Q4JBA2,74.3,REP3,4117753.74423947
Q4JBA2,93.7,REP3,1517878.88674769
Q4JBA2,96.7,REP3,836753.367382607
Q4JBA2,69.5,REP3,5194733.9741063
Q4JBA2,99.3,REP3,682516.45959021
Q4JBA2,98.6,REP3,577394.157688497
Q4JBA2,68.8,REP3,17117855.8043579
Q4JA17,82.1,REP3,1807286.42939107
Q4JA17,85.9,REP3,2632782.0512496
Q4JA17,89.7,REP3,1967730.85552367
Q4JA17,78.3,REP3,2705998.57606167
Q4JA17,71.3,REP3,2418511.61194678
Q4JA17,74.3,REP3,3481310.18481432
Q4JA17,93.7,REP3,740016.304724184
Q4JA17,96.7,REP3,1304427.28708079
Q4JA17,69.5,REP3,2244497.21869242
Q4JA17,99.3,REP3,558220.808872344
Q4JA17,98.6,REP3,988813.755144266
Q4JA17,68.8,REP3,2656649.21216951
Q4J928,68.8,REP1,298784263.845639
Q4J928,98.6,REP1,35951032.5272995
Q4J928,99.3,REP1,57576719.5380355
Q4J928,69.5,REP1,274001121.020613
Q4J928,74.3,REP1,177119569.501639
Q4J928,71.3,REP1,295051466.396125
Q4J928,93.7,REP1,216565277.098362
Q4J928,89.7,REP1,322388001.074702
Q4J928,85.9,REP1,215784690.685674
Q4J928,96.7,REP1,147300360.199203
Q4J928,78.3,REP1,358468925.373351
Q4J928,82.1,REP1,183061090.980999
Q9P9M0,82.1,REP3,120906486.245326
Q9P9M0,85.9,REP3,99877160.4161382
Q9P9M0,89.7,REP3,77321887.8815918
Q9P9M0,78.3,REP3,141012243.826487
Q9P9M0,71.3,REP3,155636797.306716
Q9P9M0,74.3,REP3,113769033.809195
Q9P9M0,93.7,REP3,18636139.3255655
Q9P9M0,96.7,REP3,7691236.94870037
Q9P9M0,69.5,REP3,123418763.609242
Q9P9M0,99.3,REP3,4451614.93365693
Q9P9M0,98.6,REP3,2769473.85469877
Q9P9M0,68.8,REP3,213282399.091048
Q4J8R6,82.1,REP3,7517212.2358478
Q4J8R6,85.9,REP3,8678483.86801413
Q4J8R6,89.7,REP3,8454449.06299568
Q4J8R6,78.3,REP3,9292018.69677892
Q4J8R6,71.3,REP3,7355840.11765516
Q4J8R6,74.3,REP3,8139141.44992845
Q4J8R6,93.7,REP3,3312700.25739887
Q4J8R6,96.7,REP3,3747620.85719415
Q4J8R6,69.5,REP3,8161543.68047555
Q4J8R6,99.3,REP3,1241067.14521631
Q4J8R6,98.6,REP3,1978944.28204585
Q4J8R6,68.8,REP3,8719585.09147964
Q4J7Y3,93.7,REP2,2755837.93777256
Q4J7Y3,69.5,REP2,10261686.4738533
Q4J7Y3,71.3,REP2,13044147.472883
Q4J7Y3,89.7,REP2,13573591.0894447
Q4J7Y3,68.8,REP2,12271711.6974918
Q4J7Y3,98.6,REP2,2080704.61992666
Q4J7Y3,78.3,REP2,12035901.7703079
Q4J7Y3,96.7,REP2,2119820.27460865
Q4J7Y3,74.3,REP2,8182081.80722988
Q4J7Y3,99.3,REP2,2199871.30360584
Q4J7Y3,82.1,REP2,13412564.8563335
Q4J7Y3,85.9,REP2,10092639.7734417
Q4JCB0,82.1,REP3,11373493.5819518
Q4JCB0,85.9,REP3,13736952.7944124
Q4JCB0,89.7,REP3,8240677.15626293
Q4JCB0,78.3,REP3,10859593.1138562
Q4JCB0,71.3,REP3,8191108.9833544
Q4JCB0,74.3,REP3,10791844.4907965
Q4JCB0,93.7,REP3,2491678.82170477
Q4JCB0,96.7,REP3,3932943.42508109
Q4JCB0,69.5,REP3,9626790.72875206
Q4JCB0,99.3,REP3,8060352.36430227
Q4JCB0,98.6,REP3,1555768.89081641
Q4JCB0,68.8,REP3,11168685.4355008
Q4JBZ7,68.8,REP1,7936309.5268451
Q4JBZ7,98.6,REP1,3338805.32627482
Q4JBZ7,99.3,REP1,3560424.05516015
Q4JBZ7,69.5,REP1,4603927.1707043
Q4JBZ7,74.3,REP1,4794901.90034722
Q4JBZ7,71.3,REP1,6809732.4588572
Q4JBZ7,93.7,REP1,0.0
Q4JBZ7,89.7,REP1,4042822.91510721
Q4JBZ7,85.9,REP1,6503602.54267604
Q4JBZ7,96.7,REP1,2974093.80738133
Q4JBZ7,78.3,REP1,6828352.35960962
Q4JBZ7,82.1,REP1,7033814.5866584
Q4J6T1,93.7,REP2,0.0
Q4J6T1,69.5,REP2,616958.743200266
Q4J6T1,71.3,REP2,0.0
Q4J6T1,89.7,REP2,0.0
Q4J6T1,68.8,REP2,0.0
Q4J6T1,98.6,REP2,0.0
Q4J6T1,78.3,REP2,0.0
Q4J6T1,96.7,REP2,0.0
Q4J6T1,74.3,REP2,214237.303047711
Q4J6T1,99.3,REP2,0.0
Q4J6T1,82.1,REP2,207396.855143117
Q4J6T1,85.9,REP2,0.0
Q4J970,93.7,REP2,1836598.75505349
Q4J970,69.5,REP2,6036982.09016507
Q4J970,71.3,REP2,6009349.69546834
Q4J970,89.7,REP2,4086884.4200169
Q4J970,68.8,REP2,6377638.78364997
Q4J970,98.6,REP2,958472.83879512
Q4J970,78.3,REP2,3525223.76753042
Q4J970,96.7,REP2,1645846.47144048
Q4J970,74.3,REP2,4252815.2672207
Q4J970,99.3,REP2,1365985.88089429
Q4J970,82.1,REP2,4851906.32375319
Q4J970,85.9,REP2,3923365.42789642
Q4J942,82.1,REP3,12587915.2350834
Q4J942,85.9,REP3,12668249.0739467
Q4J942,89.7,REP3,4872725.06087803
Q4J942,78.3,REP3,14077561.7493357
Q4J942,71.3,REP3,16779364.8721246
Q4J942,74.3,REP3,10529923.7090607
Q4J942,93.7,REP3,7543606.21316401
Q4J942,96.7,REP3,7693413.26067501
Q4J942,69.5,REP3,9434981.50711602
Q4J942,99.3,REP3,5473508.96231938
Q4J942,98.6,REP3,6892380.1043607
Q4J942,68.8,REP3,23713720.5780182
Q4J846,82.1,REP3,1613912.55287966
Q4J846,85.9,REP3,2689745.39583333
Q4J846,89.7,REP3,6076543.75
Q4J846,78.3,REP3,1461041.0036726
Q4J846,71.3,REP3,0.0
Q4J846,74.3,REP3,2473837.41666666
Q4J846,93.7,REP3,1870880.25
Q4J846,96.7,REP3,1521490.72916667
Q4J846,69.5,REP3,921234.327089654
Q4J846,99.3,REP3,1159001.09375
Q4J846,98.6,REP3,1027506.359375
Q4J846,68.8,REP3,4775021.0366179
Q4JAH1,93.7,REP2,43996388.5352294
Q4JAH1,69.5,REP2,481541643.482768
Q4JAH1,71.3,REP2,545869710.705201
Q4JAH1,89.7,REP2,77871690.914979
Q4JAH1,68.8,REP2,646757541.688205
Q4JAH1,98.6,REP2,34621928.3809497
Q4JAH1,78.3,REP2,499792748.503315
Q4JAH1,96.7,REP2,37565208.8109947
Q4JAH1,74.3,REP2,471236365.91327
Q4JAH1,99.3,REP2,36352973.3069386
Q4JAH1,82.1,REP2,390648829.918332
Q4JAH1,85.9,REP2,151877998.595509
Q4J9P3,68.8,REP1,13203953.3941965
Q4J9P3,98.6,REP1,0.0
Q4J9P3,99.3,REP1,2844293.05743557
Q4J9P3,69.5,REP1,10813188.8524548
Q4J9P3,74.3,REP1,8670147.40545779
Q4J9P3,71.3,REP1,12813387.6233264
Q4J9P3,93.7,REP1,1365400.08730864
Q4J9P3,89.7,REP1,3528830.8678397
Q4J9P3,85.9,REP1,10096837.6986743
Q4J9P3,96.7,REP1,4393201.20670054
Q4J9P3,78.3,REP1,10615369.012573
Q4J9P3,82.1,REP1,10818614.0809509
Q4JAW7,93.7,REP2,5006243.89196449
Q4JAW7,69.5,REP2,9532196.14416293
Q4JAW7,71.3,REP2,11892566.2877913
Q4JAW7,89.7,REP2,4677561.65925569
Q4JAW7,68.8,REP2,10030188.1612023
Q4JAW7,98.6,REP2,5541437.21293833
Q4JAW7,78.3,REP2,9187266.11155378
Q4JAW7,96.7,REP2,5289268.51694782
Q4JAW7,74.3,REP2,8208668.22317636
Q4JAW7,99.3,REP2,4703990.08418179
Q4JAW7,82.1,REP2,6979922.7428111
Q4JAW7,85.9,REP2,4649130.82829184
Q4JAI2,68.8,REP1,2390710.33698681
Q4JAI2,98.6,REP1,0.0
Q4JAI2,99.3,REP1,0.0
Q4JAI2,69.5,REP1,888679.620613012
Q4JAI2,74.3,REP1,812073.252171468
Q4JAI2,71.3,REP1,1461628.6051148
Q4JAI2,93.7,REP1,409231.565418383
Q4JAI2,89.7,REP1,695296.73440607
Q4JAI2,85.9,REP1,847287.211880158
Q4JAI2,96.7,REP1,0.0
Q4JAI2,78.3,REP1,1283732.40116219
Q4JAI2,82.1,REP1,1221577.96601474
Q4JAS6,93.7,REP2,0.0
Q4JAS6,69.5,REP2,2960389.32466674
Q4JAS6,71.3,REP2,1450558.28225893
Q4JAS6,89.7,REP2,3285352.72460537
Q4JAS6,68.8,REP2,2450043.41423915
Q4JAS6,98.6,REP2,1810258.35023388
Q4JAS6,78.3,REP2,0.0
Q4JAS6,96.7,REP2,0.0
Q4JAS6,74.3,REP2,226992.554526321
Q4JAS6,99.3,REP2,0.0
Q4JAS6,82.1,REP2,0.0
Q4JAS6,85.9,REP2,667135.432175345
Q4J6Z4,68.8,REP1,49196079.1989717
Q4J6Z4,98.6,REP1,42243157.8036543
Q4J6Z4,99.3,REP1,40117635.5507433
Q4J6Z4,69.5,REP1,33016247.1718494
Q4J6Z4,74.3,REP1,20047840.9616727
Q4J6Z4,71.3,REP1,45488407.0922814
Q4J6Z4,93.7,REP1,21842329.338568
Q4J6Z4,89.7,REP1,37543143.8132953
Q4J6Z4,85.9,REP1,23690997.579642
Q4J6Z4,96.7,REP1,39588742.6581497
Q4J6Z4,78.3,REP1,37525328.2597705
Q4J6Z4,82.1,REP1,28328589.0341172
Q4J879,93.7,REP2,7037434.93280711
Q4J879,69.5,REP2,65937685.6650056
Q4J879,71.3,REP2,79637340.3096328
Q4J879,89.7,REP2,14914375.9555165
Q4J879,68.8,REP2,96724557.9355545
Q4J879,98.6,REP2,3667020.97693851
Q4J879,78.3,REP2,90715004.089569
Q4J879,96.7,REP2,14342005.0778948
Q4J879,74.3,REP2,64416064.5286648
Q4J879,99.3,REP2,61242979.5760396
Q4J879,82.1,REP2,70351346.0240674
Q4J879,85.9,REP2,36018809.5098608
Q4JBZ8,93.7,REP2,442088.821692979
Q4JBZ8,69.5,REP2,2159168.42148377
Q4JBZ8,71.3,REP2,1994136.15575205
Q4JBZ8,89.7,REP2,2373859.23915406
Q4JBZ8,68.8,REP2,1966130.58746041
Q4JBZ8,98.6,REP2,0.0
Q4JBZ8,78.3,REP2,3013449.51536914
Q4JBZ8,96.7,REP2,95673.7880656018
Q4JBZ8,74.3,REP2,3574103.54964838
Q4JBZ8,99.3,REP2,0.0
Q4JBZ8,82.1,REP2,1301577.86916852
Q4JBZ8,85.9,REP2,3486266.0598654
Q4J707,82.1,REP3,3490955.36206022
Q4J707,85.9,REP3,2711357.01241351
Q4J707,89.7,REP3,5745997.83953375
Q4J707,78.3,REP3,6922214.89198966
Q4J707,71.3,REP3,6779876.0999331
Q4J707,74.3,REP3,4228150.44111474
Q4J707,93.7,REP3,3285032.94649288
Q4J707,96.7,REP3,805262.803502371
Q4J707,69.5,REP3,3320907.83381161
Q4J707,99.3,REP3,1831262.93750395
Q4J707,98.6,REP3,972915.167384174
Q4J707,68.8,REP3,10698318.8979622
Q4JBT0,68.8,REP1,927112651.00287
Q4JBT0,98.6,REP1,343966954.274423
Q4JBT0,99.3,REP1,316265744.929493
Q4JBT0,69.5,REP1,946009470.92593
Q4JBT0,74.3,REP1,711159618.417458
Q4JBT0,71.3,REP1,961382928.526568
Q4JBT0,93.7,REP1,316239285.064015
Q4JBT0,89.7,REP1,812122732.224113
Q4JBT0,85.9,REP1,600942225.64755
Q4JBT0,96.7,REP1,419182917.375886
Q4JBT0,78.3,REP1,1059545358.2116
Q4JBT0,82.1,REP1,758836079.096192
Q4JAK2,82.1,REP3,19610828.905739
Q4JAK2,85.9,REP3,25527429.2872139
Q4JAK2,89.7,REP3,23279054.8476562
Q4JAK2,78.3,REP3,34742890.1259713
Q4JAK2,71.3,REP3,41104212.9047813
Q4JAK2,74.3,REP3,25368756.5605129
Q4JAK2,93.7,REP3,22355038.6677559
Q4JAK2,96.7,REP3,22501374.9667071
Q4JAK2,69.5,REP3,31605496.579056
Q4JAK2,99.3,REP3,18998790.2881506
Q4JAK2,98.6,REP3,21429504.6224539
Q4JAK2,68.8,REP3,46655244.7041829
Q4JBM6,68.8,REP1,13661958.2032637
Q4JBM6,98.6,REP1,3917434.40296481
Q4JBM6,99.3,REP1,4107774.9165883
Q4JBM6,69.5,REP1,11483223.7611154
Q4JBM6,74.3,REP1,6702098.90056617
Q4JBM6,71.3,REP1,12566975.7650218
Q4JBM6,93.7,REP1,3302859.52749282
Q4JBM6,89.7,REP1,8221241.02342404
Q4JBM6,85.9,REP1,9488030.40728323
Q4JBM6,96.7,REP1,3737932.07707926
Q4JBM6,78.3,REP1,10226466.4187897
Q4JBM6,82.1,REP1,9528722.69159299
Q4JCK6,93.7,REP2,2724490.8342567
Q4JCK6,69.5,REP2,6887543.29580911
Q4JCK6,71.3,REP2,4570325.92348806
Q4JCK6,89.7,REP2,5600405.29436173
Q4JCK6,68.8,REP2,5961156.30995478
Q4JCK6,98.6,REP2,1427171.26473286
Q4JCK6,78.3,REP2,7638231.15353363
Q4JCK6,96.7,REP2,1782537.94669757
Q4JCK6,74.3,REP2,5320309.37558687
Q4JCK6,99.3,REP2,1679554.46793732
Q4JCK6,82.1,REP2,6478940.41162906
Q4JCK6,85.9,REP2,6193162.62112565
Q4J764,82.1,REP3,15151881.5064385
Q4J764,85.9,REP3,13699314.7192529
Q4J764,89.7,REP3,12290949.1896755
Q4J764,78.3,REP3,18820207.8976271
Q4J764,71.3,REP3,15719134.6789306
Q4J764,74.3,REP3,11237693.945806
Q4J764,93.7,REP3,9300202.6733912
Q4J764,96.7,REP3,10311150.9802946
Q4J764,69.5,REP3,13427883.6191967
Q4J764,99.3,REP3,22777389.3743372
Q4J764,98.6,REP3,5094306.03529795
Q4J764,68.8,REP3,29350811.9315179
Q4JA58,68.8,REP1,0.0
Q4JA58,98.6,REP1,461417.769428751
Q4JA58,99.3,REP1,0.0
Q4JA58,69.5,REP1,0.0
Q4JA58,74.3,REP1,88653.7239379215
Q4JA58,71.3,REP1,0.0
Q4JA58,93.7,REP1,0.0
Q4JA58,89.7,REP1,0.0
Q4JA58,85.9,REP1,144872.876880722
Q4JA58,96.7,REP1,409974.651833429
Q4JA58,78.3,REP1,0.0
Q4JA58,82.1,REP1,0.0
Q4JAT1,82.1,REP3,29085528.7909567
Q4JAT1,85.9,REP3,33120534.2492413
Q4JAT1,89.7,REP3,37518558.270837
Q4JAT1,78.3,REP3,38330568.4127805
Q4JAT1,71.3,REP3,35475159.4741829
Q4JAT1,74.3,REP3,27524037.0371419
Q4JAT1,93.7,REP3,19354507.9042575
Q4JAT1,96.7,REP3,16962733.6618204
Q4JAT1,69.5,REP3,26158293.1924366
Q4JAT1,99.3,REP3,12510533.4836367
Q4JAT1,98.6,REP3,8544004.88809823
Q4JAT1,68.8,REP3,42721700.8614834
Q4J8B6,68.8,REP1,11006977.394127
Q4J8B6,98.6,REP1,7611130.47751729
Q4J8B6,99.3,REP1,8961818.36674861
Q4J8B6,69.5,REP1,6611447.46243112
Q4J8B6,74.3,REP1,6790467.44362594
Q4J8B6,71.3,REP1,13244364.9308146
Q4J8B6,93.7,REP1,6419337.09615172
Q4J8B6,89.7,REP1,9773640.76180124
Q4J8B6,85.9,REP1,6104510.03896406
Q4J8B6,96.7,REP1,6388919.35027179
Q4J8B6,78.3,REP1,10332336.6651883
Q4J8B6,82.1,REP1,9171251.62179507
Q4J6L7,93.7,REP2,246071087.800886
Q4J6L7,69.5,REP2,304100413.310198
Q4J6L7,71.3,REP2,335207467.172001
Q4J6L7,89.7,REP2,318241319.221594
Q4J6L7,68.8,REP2,379657180.085272
Q4J6L7,98.6,REP2,166910467.704554
Q4J6L7,78.3,REP2,371851063.089435
Q4J6L7,96.7,REP2,177583445.447288
Q4J6L7,74.3,REP2,314932925.238261
Q4J6L7,99.3,REP2,197093347.130735
Q4J6L7,82.1,REP2,261815442.795372
Q4J6L7,85.9,REP2,265911427.171944
Q4JAG4,68.8,REP1,14434259.1742363
Q4JAG4,98.6,REP1,2812392.08774843
Q4JAG4,99.3,REP1,1519539.33716909
Q4JAG4,69.5,REP1,12527488.6424208
Q4JAG4,74.3,REP1,7335900.01534589
Q4JAG4,71.3,REP1,14175872.8640871
Q4JAG4,93.7,REP1,3706056.30897776
Q4JAG4,89.7,REP1,8390314.06290661
Q4JAG4,85.9,REP1,8601503.34726436
Q4JAG4,96.7,REP1,1452685.61991323
Q4JAG4,78.3,REP1,11148939.129284
Q4JAG4,82.1,REP1,9518474.73275041
Q4J8C7,82.1,REP3,23950250.6205186
Q4J8C7,85.9,REP3,9559570.812482
Q4J8C7,89.7,REP3,4607418.37588894
Q4J8C7,78.3,REP3,25827205.1312729
Q4J8C7,71.3,REP3,36054006.2006808
Q4J8C7,74.3,REP3,25240096.35583
Q4J8C7,93.7,REP3,1298157.61045061
Q4J8C7,96.7,REP3,926122.169780973
Q4J8C7,69.5,REP3,30683672.2322836
Q4J8C7,99.3,REP3,588943.986255066
Q4J8C7,98.6,REP3,902058.5401357
Q4J8C7,68.8,REP3,57366986.9510748
Q4J6E9,82.1,REP3,2186559.0245373
Q4J6E9,85.9,REP3,3189713.25624135
Q4J6E9,89.7,REP3,2395870.87094703
Q4J6E9,78.3,REP3,3254185.02599643
Q4J6E9,71.3,REP3,3483796.95973985
Q4J6E9,74.3,REP3,2623625.23075077
Q4J6E9,93.7,REP3,1295305.80843732
Q4J6E9,96.7,REP3,2309976.30458436
Q4J6E9,69.5,REP3,2094184.74066849
Q4J6E9,99.3,REP3,2124517.26369462
Q4J6E9,98.6,REP3,2575589.62946653
Q4J6E9,68.8,REP3,6198499.28985402
Q4JB17,93.7,REP2,2344717.59137092
Q4JB17,69.5,REP2,293662093.856093
Q4JB17,71.3,REP2,441833561.538854
Q4JB17,89.7,REP2,7930382.61358435
Q4JB17,68.8,REP2,439961993.248796
Q4JB17,98.6,REP2,11861213.3985085
Q4JB17,78.3,REP2,389882449.533573
Q4JB17,96.7,REP2,71980904.2991382
Q4JB17,74.3,REP2,338165881.442439
Q4JB17,99.3,REP2,4253933.87669903
Q4JB17,82.1,REP2,259291165.446268
Q4JB17,85.9,REP2,32921632.4018567
Q4J8I6,68.8,REP1,56750387.4265776
Q4J8I6,98.6,REP1,3333492.60648637
Q4J8I6,99.3,REP1,10964713.5042542
Q4J8I6,69.5,REP1,52526315.9880059
Q4J8I6,74.3,REP1,25169190.1223692
Q4J8I6,71.3,REP1,58165539.2308308
Q4J8I6,93.7,REP1,24800171.2492788
Q4J8I6,89.7,REP1,49972008.1725123
Q4J8I6,85.9,REP1,31407264.150633
Q4J8I6,96.7,REP1,20529538.577867
Q4J8I6,78.3,REP1,52046107.4545596
Q4J8I6,82.1,REP1,40542660.0833788
Q4JBZ4,68.8,REP1,23980675.6734641
Q4JBZ4,98.6,REP1,0.0
Q4JBZ4,99.3,REP1,5074904.71423159
Q4JBZ4,69.5,REP1,18860662.9434683
Q4JBZ4,74.3,REP1,18862318.6720985
Q4JBZ4,71.3,REP1,19614282.1991931
Q4JBZ4,93.7,REP1,2734598.36068278
Q4JBZ4,89.7,REP1,14360283.5738092
Q4JBZ4,85.9,REP1,10217536.7644131
Q4JBZ4,96.7,REP1,7114020.08832173
Q4JBZ4,78.3,REP1,21563306.7602029
Q4JBZ4,82.1,REP1,15288664.5279844
Q4JBT3,68.8,REP1,53539127.8349382
Q4JBT3,98.6,REP1,12282357.6579685
Q4JBT3,99.3,REP1,13965944.9394828
Q4JBT3,69.5,REP1,38991005.5867869
Q4JBT3,74.3,REP1,33279105.5059709
Q4JBT3,71.3,REP1,49005025.4267639
Q4JBT3,93.7,REP1,10429692.2754187
Q4JBT3,89.7,REP1,28833549.2028628
Q4JBT3,85.9,REP1,35246263.1926728
Q4JBT3,96.7,REP1,16152152.9593483
Q4JBT3,78.3,REP1,37776180.2387982
Q4JBT3,82.1,REP1,40310894.1918836
Q4JAG3,68.8,REP1,0.0
Q4JAG3,98.6,REP1,3181843.875
Q4JAG3,99.3,REP1,4298533.9375
Q4JAG3,69.5,REP1,0.0
Q4JAG3,74.3,REP1,0.0
Q4JAG3,71.3,REP1,983413.609374999
Q4JAG3,93.7,REP1,0.0
Q4JAG3,89.7,REP1,2975423.078125
Q4JAG3,85.9,REP1,1055275.0390625
Q4JAG3,96.7,REP1,0.0
Q4JAG3,78.3,REP1,714798.998046874
Q4JAG3,82.1,REP1,0.0
Q4J9X0,82.1,REP3,1836578.06956492
Q4J9X0,85.9,REP3,10949524.6945295
Q4J9X0,89.7,REP3,5946255.84248116
Q4J9X0,78.3,REP3,4517742.65367116
Q4J9X0,71.3,REP3,5404231.92224905
Q4J9X0,74.3,REP3,3368693.99823937
Q4J9X0,93.7,REP3,3334603.7375206
Q4J9X0,96.7,REP3,4678879.33570701
Q4J9X0,69.5,REP3,4807202.65408078
Q4J9X0,99.3,REP3,2906080.19570906
Q4J9X0,98.6,REP3,3229018.78820769
Q4J9X0,68.8,REP3,4663767.52109514
Q4JAB3,68.8,REP1,6684254.31979333
Q4JAB3,98.6,REP1,3079355.73257769
Q4JAB3,99.3,REP1,2975532.44996166
Q4JAB3,69.5,REP1,3534752.71190806
Q4JAB3,74.3,REP1,2205764.56371107
Q4JAB3,71.3,REP1,5432656.36378315
Q4JAB3,93.7,REP1,3367957.25520399
Q4JAB3,89.7,REP1,5034750.66824905
Q4JAB3,85.9,REP1,3504668.61719246
Q4JAB3,96.7,REP1,2518490.83976043
Q4JAB3,78.3,REP1,5956703.14934133
Q4JAB3,82.1,REP1,4143776.73072106
Q4J819,68.8,REP1,254539107.337748
Q4J819,98.6,REP1,34477800.6369081
Q4J819,99.3,REP1,5802999.82002216
Q4J819,69.5,REP1,207726398.172965
Q4J819,74.3,REP1,137827310.286544
Q4J819,71.3,REP1,249955337.249078
Q4J819,93.7,REP1,65419963.4771615
Q4J819,89.7,REP1,226019907.013117
Q4J819,85.9,REP1,137302717.457016
Q4J819,96.7,REP1,14004316.7152293
Q4J819,78.3,REP1,261693185.337794
Q4J819,82.1,REP1,143499187.557184
Q4J792,82.1,REP3,6228173.41526988
Q4J792,85.9,REP3,7045714.52395644
Q4J792,89.7,REP3,7325953.93960082
Q4J792,78.3,REP3,8505148.80702534
Q4J792,71.3,REP3,6890783.87222118
Q4J792,74.3,REP3,3622188.99617975
Q4J792,93.7,REP3,4926947.11594208
Q4J792,96.7,REP3,6094829.96146093
Q4J792,69.5,REP3,5549149.31789135
Q4J792,99.3,REP3,3848358.64053547
Q4J792,98.6,REP3,4122248.79635675
Q4J792,68.8,REP3,7688056.196812
Q4JBJ5,68.8,REP1,2628306.96847517
Q4JBJ5,98.6,REP1,660624.816350944
Q4JBJ5,99.3,REP1,781667.708405704
Q4JBJ5,69.5,REP1,2052062.82850006
Q4JBJ5,74.3,REP1,555550.071737822
Q4JBJ5,71.3,REP1,3656277.94991492
Q4JBJ5,93.7,REP1,2397624.80559876
Q4JBJ5,89.7,REP1,4274203.45700335
Q4JBJ5,85.9,REP1,2510354.04367915
Q4JBJ5,96.7,REP1,3185186.8359362
Q4JBJ5,78.3,REP1,4022324.34457814
Q4JBJ5,82.1,REP1,1896291.72894417
Q4JCM2,68.8,REP1,17739231.2428829
Q4JCM2,98.6,REP1,9336604.20323504
Q4JCM2,99.3,REP1,9355413.53790808
Q4JCM2,69.5,REP1,12979323.853189
Q4JCM2,74.3,REP1,11571236.3530517
Q4JCM2,71.3,REP1,14365644.2251696
Q4JCM2,93.7,REP1,12647943.4437472
Q4JCM2,89.7,REP1,14546643.1840226
Q4JCM2,85.9,REP1,14723680.7588444
Q4JCM2,96.7,REP1,11079141.4452827
Q4JCM2,78.3,REP1,14646793.8795242
Q4JCM2,82.1,REP1,13955890.5081786
Q4JA74,82.1,REP3,10781896.020442
Q4JA74,85.9,REP3,7767967.05994766
Q4JA74,89.7,REP3,6749963.0042702
Q4JA74,78.3,REP3,12523802.5682058
Q4JA74,71.3,REP3,18202300.1979836
Q4JA74,74.3,REP3,9364661.40463456
Q4JA74,93.7,REP3,3008191.40729316
Q4JA74,96.7,REP3,11975207.3653979
Q4JA74,69.5,REP3,7978386.87833318
Q4JA74,99.3,REP3,8460705.11597933
Q4JA74,98.6,REP3,11916090.1179134
Q4JA74,68.8,REP3,25399325.7758285
Q4J6P2,93.7,REP2,5157227.13504976
Q4J6P2,69.5,REP2,8177396.57871453
Q4J6P2,71.3,REP2,10421968.9672351
Q4J6P2,89.7,REP2,9971110.29678335
Q4J6P2,68.8,REP2,14428252.2868316
Q4J6P2,98.6,REP2,7671122.78540645
Q4J6P2,78.3,REP2,11690750.1797569
Q4J6P2,96.7,REP2,10267622.9269711
Q4J6P2,74.3,REP2,8692910.41138973
Q4J6P2,99.3,REP2,13145752.5037581
Q4J6P2,82.1,REP2,9570309.24908919
Q4J6P2,85.9,REP2,6943535.14690987
Q4J8C1,68.8,REP1,14231527.7085261
Q4J8C1,98.6,REP1,9949329.0101733
Q4J8C1,99.3,REP1,0.0
Q4J8C1,69.5,REP1,9892605.66428495
Q4J8C1,74.3,REP1,10542980.8859068
Q4J8C1,71.3,REP1,7680710.9847652
Q4J8C1,93.7,REP1,4320136.85868743
Q4J8C1,89.7,REP1,11019760.5743234
Q4J8C1,85.9,REP1,6791695.91502612
Q4J8C1,96.7,REP1,2755491.03320298
Q4J8C1,78.3,REP1,10531835.1079669
Q4J8C1,82.1,REP1,9884903.4551194
Q4JAK2,68.8,REP1,44397415.6087377
Q4JAK2,98.6,REP1,15388737.9321651
Q4JAK2,99.3,REP1,22238207.9722254
Q4JAK2,69.5,REP1,24814372.6329876
Q4JAK2,74.3,REP1,18750627.2336433
Q4JAK2,71.3,REP1,38843143.5685322
Q4JAK2,93.7,REP1,30651876.3148858
Q4JAK2,89.7,REP1,30422225.6634279
Q4JAK2,85.9,REP1,14834208.3705823
Q4JAK2,96.7,REP1,19366058.02732
Q4JAK2,78.3,REP1,35731771.062181
Q4JAK2,82.1,REP1,24309659.315634
Q4JC74,68.8,REP1,30068695.6287763
Q4JC74,98.6,REP1,8084188.40806083
Q4JC74,99.3,REP1,13127667.9367716
Q4JC74,69.5,REP1,23358595.1966747
Q4JC74,74.3,REP1,19306108.6660073
Q4JC74,71.3,REP1,23239135.7652892
Q4JC74,93.7,REP1,16451479.0006632
Q4JC74,89.7,REP1,24203285.4801067
Q4JC74,85.9,REP1,17718365.2074202
Q4JC74,96.7,REP1,12048582.207728
Q4JC74,78.3,REP1,25893387.2840923
Q4JC74,82.1,REP1,24053526.9694712
Q4JBT8,68.8,REP1,41478150.9253415
Q4JBT8,98.6,REP1,4539464.41914696
Q4JBT8,99.3,REP1,1183796.27017986
Q4JBT8,69.5,REP1,32612484.1239399
Q4JBT8,74.3,REP1,26143510.379169
Q4JBT8,71.3,REP1,36487498.1064105
Q4JBT8,93.7,REP1,3351957.59965399
Q4JBT8,89.7,REP1,6854961.10818287
Q4JBT8,85.9,REP1,10885234.1216815
Q4JBT8,96.7,REP1,4961587.16003731
Q4JBT8,78.3,REP1,36059668.8049424
Q4JBT8,82.1,REP1,28828703.1927114
Q4JAI1,68.8,REP1,236722921.350693
Q4JAI1,98.6,REP1,37881518.0235958
Q4JAI1,99.3,REP1,35779009.1101744
Q4JAI1,69.5,REP1,194110937.877965
Q4JAI1,74.3,REP1,128653845.202561
Q4JAI1,71.3,REP1,179529050.442417
Q4JAI1,93.7,REP1,30485663.6143021
Q4JAI1,89.7,REP1,67908556.471183
Q4JAI1,85.9,REP1,60677163.3504018
Q4JAI1,96.7,REP1,40252754.8655279
Q4JAI1,78.3,REP1,120636234.739903
Q4JAI1,82.1,REP1,90227342.6238619
Q4JAN1,68.8,REP1,35918543.376198
Q4JAN1,98.6,REP1,24998134.4301823
Q4JAN1,99.3,REP1,24868130.034494
Q4JAN1,69.5,REP1,31427207.5760676
Q4JAN1,74.3,REP1,18590231.8930023
Q4JAN1,71.3,REP1,40087213.2700407
Q4JAN1,93.7,REP1,31095301.3344115
Q4JAN1,89.7,REP1,42899042.5195916
Q4JAN1,85.9,REP1,27158441.0966307
Q4JAN1,96.7,REP1,29079688.3062406
Q4JAN1,78.3,REP1,40291827.3502635
Q4JAN1,82.1,REP1,21277888.7305682
Q4JA52,82.1,REP3,51765506.2342739
Q4JA52,85.9,REP3,35219077.6857671
Q4JA52,89.7,REP3,19502027.3097877
Q4JA52,78.3,REP3,64721889.8768468
Q4JA52,71.3,REP3,79937992.3708013
Q4JA52,74.3,REP3,57346880.3551854
Q4JA52,93.7,REP3,2449138.98290825
Q4JA52,96.7,REP3,4100287.45796444
Q4JA52,69.5,REP3,61884914.2842748
Q4JA52,99.3,REP3,14290065.6669711
Q4JA52,98.6,REP3,1227565.74267622
Q4JA52,68.8,REP3,120885707.722223
Q4J9U5,82.1,REP3,330896234.344872
Q4J9U5,85.9,REP3,273631321.339406
Q4J9U5,89.7,REP3,124679821.289577
Q4J9U5,78.3,REP3,452009745.632334
Q4J9U5,71.3,REP3,486916182.165557
Q4J9U5,74.3,REP3,339265819.859642
Q4J9U5,93.7,REP3,5518621.83207081
Q4J9U5,96.7,REP3,2876493.45394831
Q4J9U5,69.5,REP3,357537904.53541
Q4J9U5,99.3,REP3,2428539.66974369
Q4J9U5,98.6,REP3,2914420.15679041
Q4J9U5,68.8,REP3,617144522.128726
Q4J9N5,68.8,REP1,10336522.375
Q4J9N5,98.6,REP1,0.0
Q4J9N5,99.3,REP1,0.0
Q4J9N5,69.5,REP1,6290006.68750001
Q4J9N5,74.3,REP1,5845106.72916667
Q4J9N5,71.3,REP1,8637586.37500001
Q4J9N5,93.7,REP1,2193290.89583333
Q4J9N5,89.7,REP1,7127196.41666667
Q4J9N5,85.9,REP1,7162288.79166666
Q4J9N5,96.7,REP1,0.0
Q4J9N5,78.3,REP1,8881394.18750001
Q4J9N5,82.1,REP1,6825894.56249999
Q4J7E5,68.8,REP1,2932113.8381622
Q4J7E5,98.6,REP1,2240690.26869123
Q4J7E5,99.3,REP1,0.0
Q4J7E5,69.5,REP1,2473430.20180472
Q4J7E5,74.3,REP1,891488.536241116
Q4J7E5,71.3,REP1,3404801.56999892
Q4J7E5,93.7,REP1,2460037.11682919
Q4J7E5,89.7,REP1,1939663.21692873
Q4J7E5,85.9,REP1,1829164.58327563
Q4J7E5,96.7,REP1,1389748.7185553
Q4J7E5,78.3,REP1,3104582.57542323
Q4J7E5,82.1,REP1,2462086.13357829
Q4J942,82.1,REP3,12587915.2350834
Q4J942,85.9,REP3,12668249.0739467
Q4J942,89.7,REP3,4872725.06087803
Q4J942,78.3,REP3,14077561.7493357
Q4J942,71.3,REP3,16779364.8721246
Q4J942,74.3,REP3,10529923.7090607
Q4J942,93.7,REP3,7543606.21316401
Q4J942,96.7,REP3,7693413.26067501
Q4J942,69.5,REP3,9434981.50711602
Q4J942,99.3,REP3,5473508.96231938
Q4J942,98.6,REP3,6892380.1043607
Q4J942,68.8,REP3,23713720.5780182
Q4J6R1,82.1,REP3,112690190.743733
Q4J6R1,85.9,REP3,108219197.547721
Q4J6R1,89.7,REP3,138582765.799214
Q4J6R1,78.3,REP3,195718464.219779
Q4J6R1,71.3,REP3,228751298.315814
Q4J6R1,74.3,REP3,104248224.833768
Q4J6R1,93.7,REP3,38277237.1345649
Q4J6R1,96.7,REP3,20640961.2699759
Q4J6R1,69.5,REP3,176543020.098892
Q4J6R1,99.3,REP3,14865216.8090714
Q4J6R1,98.6,REP3,10054339.7082522
Q4J6R1,68.8,REP3,235798019.940048
Q4JBR8,68.8,REP1,46063158.0895944
Q4JBR8,98.6,REP1,3287577.84273492
Q4JBR8,99.3,REP1,7895372.16835372
Q4JBR8,69.5,REP1,47626576.6746261
Q4JBR8,74.3,REP1,23798776.3556904
Q4JBR8,71.3,REP1,56497680.7345429
Q4JBR8,93.7,REP1,9822094.47089857
Q4JBR8,89.7,REP1,38998556.1314609
Q4JBR8,85.9,REP1,29968740.6351325
Q4JBR8,96.7,REP1,5733368.16873928
Q4JBR8,78.3,REP1,55973478.3160218
Q4JBR8,82.1,REP1,29573385.1211325
Q4J6E1,82.1,REP3,57302674.1814071
Q4J6E1,85.9,REP3,44969249.0381556
Q4J6E1,89.7,REP3,48809695.7052364
Q4J6E1,78.3,REP3,79375607.158653
Q4J6E1,71.3,REP3,82293650.1298524
Q4J6E1,74.3,REP3,57290903.4897731
Q4J6E1,93.7,REP3,22689841.5526874
Q4J6E1,96.7,REP3,30021345.6808586
Q4J6E1,69.5,REP3,65306987.9787537
Q4J6E1,99.3,REP3,29378784.1940088
Q4J6E1,98.6,REP3,30970024.8657924
Q4J6E1,68.8,REP3,108011443.890694
Q4JBZ2,93.7,REP2,7241504.60672982
Q4JBZ2,69.5,REP2,24747614.7377581
Q4JBZ2,71.3,REP2,29658310.484942
Q4JBZ2,89.7,REP2,13740449.266471
Q4JBZ2,68.8,REP2,31088627.7065511
Q4JBZ2,98.6,REP2,3565948.42142682
Q4JBZ2,78.3,REP2,27243466.9059662
Q4JBZ2,96.7,REP2,5401837.74797067
Q4JBZ2,74.3,REP2,21899641.5049909
Q4JBZ2,99.3,REP2,6071097.35117241
Q4JBZ2,82.1,REP2,24655131.195368
Q4JBZ2,85.9,REP2,16667666.0117349
Q4JAU0,68.8,REP1,174359483.552536
Q4JAU0,98.6,REP1,3452551.80756352
Q4JAU0,99.3,REP1,3782992.44804891
Q4JAU0,69.5,REP1,131122788.596107
Q4JAU0,74.3,REP1,129196190.545194
Q4JAU0,71.3,REP1,145405441.220395
Q4JAU0,93.7,REP1,21818246.636248
Q4JAU0,89.7,REP1,70088291.6902085
Q4JAU0,85.9,REP1,97349386.716657
Q4JAU0,96.7,REP1,8644907.40884299
Q4JAU0,78.3,REP1,146916174.95351
Q4JAU0,82.1,REP1,130723584.032713
Q4J843,68.8,REP1,8655184.03712771
Q4J843,98.6,REP1,1099586.46456128
Q4J843,99.3,REP1,0.0
Q4J843,69.5,REP1,3292642.4146455
Q4J843,74.3,REP1,4396157.75588106
Q4J843,71.3,REP1,7289743.39504205
Q4J843,93.7,REP1,1344980.99124263
Q4J843,89.7,REP1,2642607.3660465
Q4J843,85.9,REP1,4324508.01430689
Q4J843,96.7,REP1,2144709.93494169
Q4J843,78.3,REP1,6236879.92310998
Q4J843,82.1,REP1,5222100.99282811
Q4J9Z7,82.1,REP3,88024827.9601944
Q4J9Z7,85.9,REP3,72397916.1396122
Q4J9Z7,89.7,REP3,63006139.6059052
Q4J9Z7,78.3,REP3,163642040.819233
Q4J9Z7,71.3,REP3,183658682.960452
Q4J9Z7,74.3,REP3,87470983.9836407
Q4J9Z7,93.7,REP3,24776533.5398766
Q4J9Z7,96.7,REP3,31269572.9677728
Q4J9Z7,69.5,REP3,143748909.033309
Q4J9Z7,99.3,REP3,21617003.0120718
Q4J9Z7,98.6,REP3,32608804.9882014
Q4J9Z7,68.8,REP3,202415932.208317
Q4JAT7,93.7,REP2,4329156.18937572
Q4JAT7,69.5,REP2,49233117.6410014
Q4JAT7,71.3,REP2,58146172.9682737
Q4JAT7,89.7,REP2,17467901.9954764
Q4JAT7,68.8,REP2,51788088.1153794
Q4JAT7,98.6,REP2,1923062.57433381
Q4JAT7,78.3,REP2,55732396.9968258
Q4JAT7,96.7,REP2,2867204.00020966
Q4JAT7,74.3,REP2,39204876.1007616
Q4JAT7,99.3,REP2,2893584.48920259
Q4JAT7,82.1,REP2,54204418.1373149
Q4JAT7,85.9,REP2,26503241.2317051
Q4J9B2,93.7,REP2,932890.89176445
Q4J9B2,69.5,REP2,36487093.2839585
Q4J9B2,71.3,REP2,33871209.7832826
Q4J9B2,89.7,REP2,1830564.96540982
Q4J9B2,68.8,REP2,49081566.0081701
Q4J9B2,98.6,REP2,1219486.0224083
Q4J9B2,78.3,REP2,46721969.8007331
Q4J9B2,96.7,REP2,1341298.59756867
Q4J9B2,74.3,REP2,32950770.0333125
Q4J9B2,99.3,REP2,2094827.1249463
Q4J9B2,82.1,REP2,36092684.6050527
Q4J9B2,85.9,REP2,5750853.5536572
Q4J6W2,68.8,REP1,9077587.34930925
Q4J6W2,98.6,REP1,0.0
Q4J6W2,99.3,REP1,0.0
Q4J6W2,69.5,REP1,6784692.76652788
Q4J6W2,74.3,REP1,4544762.83198322
Q4J6W2,71.3,REP1,11668877.6878378
Q4J6W2,93.7,REP1,422515.430321211
Q4J6W2,89.7,REP1,3655800.40657019
Q4J6W2,85.9,REP1,6011256.55392618
Q4J6W2,96.7,REP1,2983602.67765947
Q4J6W2,78.3,REP1,9203123.47643405
Q4J6W2,82.1,REP1,4984372.27230751
Q4J7Q4,68.8,REP1,0.0
Q4J7Q4,98.6,REP1,1262357.69977063
Q4J7Q4,99.3,REP1,2088991.870814
Q4J7Q4,69.5,REP1,0.0
Q4J7Q4,74.3,REP1,0.0
Q4J7Q4,71.3,REP1,0.0
Q4J7Q4,93.7,REP1,0.0
Q4J7Q4,89.7,REP1,0.0
Q4J7Q4,85.9,REP1,0.0
Q4J7Q4,96.7,REP1,0.0
Q4J7Q4,78.3,REP1,2109542.50505972
Q4J7Q4,82.1,REP1,2459779.9581957
Q4JBU5,68.8,REP1,7290890.83269968
Q4JBU5,98.6,REP1,218489.540094935
Q4JBU5,99.3,REP1,419816.612671262
Q4JBU5,69.5,REP1,0.0
Q4JBU5,74.3,REP1,3503773.66788652
Q4JBU5,71.3,REP1,0.0
Q4JBU5,93.7,REP1,1001731.85167965
Q4JBU5,89.7,REP1,0.0
Q4JBU5,85.9,REP1,3500698.60456126
Q4JBU5,96.7,REP1,487121.48489932
Q4JBU5,78.3,REP1,4461167.66526801
Q4JBU5,82.1,REP1,0.0
Q4JCF3,93.7,REP2,14735611.8611023
Q4JCF3,69.5,REP2,196179104.864551
Q4JCF3,71.3,REP2,195005826.485228
Q4JCF3,89.7,REP2,51378046.1702278
Q4JCF3,68.8,REP2,214529058.516484
Q4JCF3,98.6,REP2,12316072.339493
Q4JCF3,78.3,REP2,151351439.740364
Q4JCF3,96.7,REP2,14559266.140818
Q4JCF3,74.3,REP2,183195259.844743
Q4JCF3,99.3,REP2,15539847.2409853
Q4JCF3,82.1,REP2,143196376.731968
Q4JCF3,85.9,REP2,78197966.6806462
Q4J7L0,93.7,REP2,6334616.12409029
Q4J7L0,69.5,REP2,16460363.6198189
Q4J7L0,71.3,REP2,23202177.2662557
Q4J7L0,89.7,REP2,18413958.1717497
Q4J7L0,68.8,REP2,18787554.0148708
Q4J7L0,98.6,REP2,7031320.7185327
Q4J7L0,78.3,REP2,21121825.8695255
Q4J7L0,96.7,REP2,10315019.9333515
Q4J7L0,74.3,REP2,14006680.9199797
Q4J7L0,99.3,REP2,11296211.066093
Q4J7L0,82.1,REP2,11696143.3080693
Q4J7L0,85.9,REP2,13494175.6063259
Q4JA26,82.1,REP3,16570032.4239235
Q4JA26,85.9,REP3,10158044.5473761
Q4JA26,89.7,REP3,7560859.11112187
Q4JA26,78.3,REP3,23421039.086975
Q4JA26,71.3,REP3,25404040.6365858
Q4JA26,74.3,REP3,19014005.9257359
Q4JA26,93.7,REP3,2171000.4099012
Q4JA26,96.7,REP3,12623236.4697214
Q4JA26,69.5,REP3,19692960.0909915
Q4JA26,99.3,REP3,5242396.85045206
Q4JA26,98.6,REP3,6400733.45077489
Q4JA26,68.8,REP3,26949086.5537838
Q4J735,82.1,REP3,14549070.4859061
Q4J735,85.9,REP3,10661956.8577483
Q4J735,89.7,REP3,19327696.0621546
Q4J735,78.3,REP3,29754406.8375231
Q4J735,71.3,REP3,32126734.080457
Q4J735,74.3,REP3,25322405.184307
Q4J735,93.7,REP3,14048224.9269852
Q4J735,96.7,REP3,11692440.8984407
Q4J735,69.5,REP3,13286557.6174013
Q4J735,99.3,REP3,17537217.6439985
Q4J735,98.6,REP3,20224810.6781744
Q4J735,68.8,REP3,33388121.4401415
Q4JBC9,93.7,REP2,4510182.06363314
Q4JBC9,69.5,REP2,15151795.9627889
Q4JBC9,71.3,REP2,18554694.2811947
Q4JBC9,89.7,REP2,10409591.0018096
Q4JBC9,68.8,REP2,15636891.6858961
Q4JBC9,98.6,REP2,7847584.83546814
Q4JBC9,78.3,REP2,19115330.3706477
Q4JBC9,96.7,REP2,6724038.24529539
Q4JBC9,74.3,REP2,10409214.127062
Q4JBC9,99.3,REP2,10579561.6020637
Q4JBC9,82.1,REP2,8306095.69075643
Q4JBC9,85.9,REP2,6353354.80403753
Q4J931,82.1,REP3,11374871.4655384
Q4J931,85.9,REP3,10780872.3813336
Q4J931,89.7,REP3,9958682.8055396
Q4J931,78.3,REP3,14615931.8720731
Q4J931,71.3,REP3,14618930.2987744
Q4J931,74.3,REP3,10904570.2302529
Q4J931,93.7,REP3,4255240.62167202
Q4J931,96.7,REP3,6346411.96681902
Q4J931,69.5,REP3,9659988.28214366
Q4J931,99.3,REP3,8795502.88754871
Q4J931,98.6,REP3,14264560.2054002
Q4J931,68.8,REP3,23770076.6928651
Q4JBM4,68.8,REP1,10319624.0777014
Q4JBM4,98.6,REP1,6215073.33733423
Q4JBM4,99.3,REP1,1134042.35241348
Q4JBM4,69.5,REP1,5251696.3087827
Q4JBM4,74.3,REP1,3826689.720309
Q4JBM4,71.3,REP1,7116683.29877597
Q4JBM4,93.7,REP1,7224515.39531746
Q4JBM4,89.7,REP1,7477115.26210074
Q4JBM4,85.9,REP1,5617429.8588742
Q4JBM4,96.7,REP1,6569345.21268264
Q4JBM4,78.3,REP1,4072007.05654348
Q4JBM4,82.1,REP1,11477967.4532827
Q4J6H9,68.8,REP1,258937317.593225
Q4J6H9,98.6,REP1,7424043.35904849
Q4J6H9,99.3,REP1,4699846.4513182
Q4J6H9,69.5,REP1,186212322.116512
Q4J6H9,74.3,REP1,160226637.989194
Q4J6H9,71.3,REP1,232182682.488911
Q4J6H9,93.7,REP1,5868366.3026907
Q4J6H9,89.7,REP1,16400259.6156084
Q4J6H9,85.9,REP1,42218213.2314421
Q4J6H9,96.7,REP1,6564417.7996452
Q4J6H9,78.3,REP1,226252640.916088
Q4J6H9,82.1,REP1,174134575.859944
Q4JC67,93.7,REP2,67724908.1747503
Q4JC67,69.5,REP2,123248747.258287
Q4JC67,71.3,REP2,149837548.411609
Q4JC67,89.7,REP2,108153397.100548
Q4JC67,68.8,REP2,176819352.25392
Q4JC67,98.6,REP2,20042663.8580477
Q4JC67,78.3,REP2,142504821.870659
Q4JC67,96.7,REP2,44923820.957632
Q4JC67,74.3,REP2,91558727.1695107
Q4JC67,99.3,REP2,40138703.7041252
Q4JC67,82.1,REP2,133731725.287344
Q4JC67,85.9,REP2,95929080.4861751
Q4JAB2,68.8,REP1,9646906.97747143
Q4JAB2,98.6,REP1,7635389.03712113
Q4JAB2,99.3,REP1,9134477.99377186
Q4JAB2,69.5,REP1,10873309.937488
Q4JAB2,74.3,REP1,4888200.11303732
Q4JAB2,71.3,REP1,12756148.7438413
Q4JAB2,93.7,REP1,8662532.16861192
Q4JAB2,89.7,REP1,8416773.5562753
Q4JAB2,85.9,REP1,10679143.9890043
Q4JAB2,96.7,REP1,7077811.73708731
Q4JAB2,78.3,REP1,10491712.0105383
Q4JAB2,82.1,REP1,10750833.7770296
Q4JBE1,93.7,REP2,2726331.29253544
Q4JBE1,69.5,REP2,3386789.84791046
Q4JBE1,71.3,REP2,3112541.33483508
Q4JBE1,89.7,REP2,5837826.97223487
Q4JBE1,68.8,REP2,2949888.08214627
Q4JBE1,98.6,REP2,909505.762936056
Q4JBE1,78.3,REP2,3395790.21539122
Q4JBE1,96.7,REP2,2111386.99028932
Q4JBE1,74.3,REP2,3390624.24420891
Q4JBE1,99.3,REP2,1337561.99962848
Q4JBE1,82.1,REP2,2685276.33146592
Q4JBE1,85.9,REP2,3848887.59890577
Q4JA83,82.1,REP3,9291769.27886174
Q4JA83,85.9,REP3,7952098.4217341
Q4JA83,89.7,REP3,8502520.33397211
Q4JA83,78.3,REP3,11231113.1213939
Q4JA83,71.3,REP3,15699470.4675239
Q4JA83,74.3,REP3,9023310.87304274
Q4JA83,93.7,REP3,3545910.39963352
Q4JA83,96.7,REP3,4538154.66742279
Q4JA83,69.5,REP3,10246972.6005515
Q4JA83,99.3,REP3,3952665.2397917
Q4JA83,98.6,REP3,5714624.62339566
Q4JA83,68.8,REP3,16882188.9346268
Q4JCF0,82.1,REP3,445399.757437611
Q4JCF0,85.9,REP3,241795.235260694
Q4JCF0,89.7,REP3,0.0
Q4JCF0,78.3,REP3,0.0
Q4JCF0,71.3,REP3,1135634.06454464
Q4JCF0,74.3,REP3,580316.609572495
Q4JCF0,93.7,REP3,0.0
Q4JCF0,96.7,REP3,134703.541762564
Q4JCF0,69.5,REP3,738121.446149914
Q4JCF0,99.3,REP3,0.0
Q4JCF0,98.6,REP3,0.0
Q4JCF0,68.8,REP3,1386731.20734667
Q4J6P5,82.1,REP3,0.0
Q4J6P5,85.9,REP3,0.0
Q4J6P5,89.7,REP3,782974.808596809
Q4J6P5,78.3,REP3,698072.929802846
Q4J6P5,71.3,REP3,0.0
Q4J6P5,74.3,REP3,0.0
Q4J6P5,93.7,REP3,0.0
Q4J6P5,96.7,REP3,835990.852306636
Q4J6P5,69.5,REP3,0.0
Q4J6P5,99.3,REP3,0.0
Q4J6P5,98.6,REP3,0.0
Q4J6P5,68.8,REP3,0.0
Q4JA91,82.1,REP3,63134386.4660266
Q4JA91,85.9,REP3,36203063.561423
Q4JA91,89.7,REP3,16899505.6179854
Q4JA91,78.3,REP3,66507466.8143309
Q4JA91,71.3,REP3,75650304.7718485
Q4JA91,74.3,REP3,56179786.0418812
Q4JA91,93.7,REP3,2965245.16822122
Q4JA91,96.7,REP3,1755405.40695294
Q4JA91,69.5,REP3,58728229.9359972
Q4JA91,99.3,REP3,1253713.01881503
Q4JA91,98.6,REP3,1178175.40398484
Q4JA91,68.8,REP3,106912368.88505
Q4J9D0,68.8,REP1,4629997.88874211
Q4J9D0,98.6,REP1,0.0
Q4J9D0,99.3,REP1,0.0
Q4J9D0,69.5,REP1,2886297.88341376
Q4J9D0,74.3,REP1,532267.379105454
Q4J9D0,71.3,REP1,2830390.53802539
Q4J9D0,93.7,REP1,2108563.29754352
Q4J9D0,89.7,REP1,2536689.61263978
Q4J9D0,85.9,REP1,3243110.55950245
Q4J9D0,96.7,REP1,0.0
Q4J9D0,78.3,REP1,2776371.10398171
Q4J9D0,82.1,REP1,1837466.34204976
Q4JBV4,82.1,REP3,22484327.8085387
Q4JBV4,85.9,REP3,19844061.3726632
Q4JBV4,89.7,REP3,17947286.7060767
Q4JBV4,78.3,REP3,22921583.1793825
Q4JBV4,71.3,REP3,24127123.1356712
Q4JBV4,74.3,REP3,16597140.0948284
Q4JBV4,93.7,REP3,8798560.98142801
Q4JBV4,96.7,REP3,8047794.97237212
Q4JBV4,69.5,REP3,22303458.2695587
Q4JBV4,99.3,REP3,7751271.61692096
Q4JBV4,98.6,REP3,9202323.90728265
Q4JBV4,68.8,REP3,39505842.6326378
Q4J979,93.7,REP2,17398256.745538
Q4J979,69.5,REP2,125738373.508472
Q4J979,71.3,REP2,141989854.716435
Q4J979,89.7,REP2,31997632.0725528
Q4J979,68.8,REP2,161559330.174635
Q4J979,98.6,REP2,22594777.1882319
Q4J979,78.3,REP2,151523738.435417
Q4J979,96.7,REP2,39126617.1185815
Q4J979,74.3,REP2,135528349.90943
Q4J979,99.3,REP2,44353915.3359138
Q4J979,82.1,REP2,149626307.790894
Q4J979,85.9,REP2,93249755.7226885
Q4JAV3,93.7,REP2,19197695.9298701
Q4JAV3,69.5,REP2,22011049.5000217
Q4JAV3,71.3,REP2,23931938.8479117
Q4JAV3,89.7,REP2,26217664.1836862
Q4JAV3,68.8,REP2,28371523.7344171
Q4JAV3,98.6,REP2,11486975.4279348
Q4JAV3,78.3,REP2,22556460.5893847
Q4JAV3,96.7,REP2,16030847.1373484
Q4JAV3,74.3,REP2,17571251.2083378
Q4JAV3,99.3,REP2,11850170.72616
Q4JAV3,82.1,REP2,36542426.9032646
Q4JAV3,85.9,REP2,23641905.3299712
Q4J7T8,82.1,REP3,26332693.145945
Q4J7T8,85.9,REP3,21252669.2532567
Q4J7T8,89.7,REP3,40276067.4042165
Q4J7T8,78.3,REP3,52656127.4866114
Q4J7T8,71.3,REP3,59881733.8697433
Q4J7T8,74.3,REP3,25782724.2031896
Q4J7T8,93.7,REP3,13547346.196143
Q4J7T8,96.7,REP3,16504656.4895516
Q4J7T8,69.5,REP3,47511003.8357377
Q4J7T8,99.3,REP3,15753454.7716341
Q4J7T8,98.6,REP3,19546210.0492607
Q4J7T8,68.8,REP3,63169291.9517419
Q4JAP1,68.8,REP1,49124716.1422723
Q4JAP1,98.6,REP1,0.0
Q4JAP1,99.3,REP1,18467339.8314007
Q4JAP1,69.5,REP1,33898795.2544395
Q4JAP1,74.3,REP1,23882559.1563976
Q4JAP1,71.3,REP1,36361198.5333069
Q4JAP1,93.7,REP1,3034310.94090727
Q4JAP1,89.7,REP1,1653810.77550953
Q4JAP1,85.9,REP1,4388594.16064977
Q4JAP1,96.7,REP1,0.0
Q4JAP1,78.3,REP1,28045226.5114552
Q4JAP1,82.1,REP1,20069404.480116
Q4J847,68.8,REP1,127240245.336382
Q4J847,98.6,REP1,14256157.8633042
Q4J847,99.3,REP1,11876724.7250386
Q4J847,69.5,REP1,87484837.4041015
Q4J847,74.3,REP1,73494871.1023882
Q4J847,71.3,REP1,109427201.166035
Q4J847,93.7,REP1,4071489.91747459
Q4J847,89.7,REP1,11484024.3729665
Q4J847,85.9,REP1,34910918.9258088
Q4J847,96.7,REP1,4485297.88106816
Q4J847,78.3,REP1,101770811.45218
Q4J847,82.1,REP1,84280867.9167153
F2Z6G3,93.7,REP2,11448274.3863146
F2Z6G3,69.5,REP2,35986657.1814702
F2Z6G3,71.3,REP2,32505613.6985921
F2Z6G3,89.7,REP2,26792038.6914837
F2Z6G3,68.8,REP2,19063848.9447014
F2Z6G3,98.6,REP2,10411691.3231532
F2Z6G3,78.3,REP2,30714366.8622195
F2Z6G3,96.7,REP2,18658824.3309874
F2Z6G3,74.3,REP2,9018613.63793971
F2Z6G3,99.3,REP2,17576073.5136585
F2Z6G3,82.1,REP2,8644838.36898065
F2Z6G3,85.9,REP2,10564877.3448008
Q4JAK4,93.7,REP2,5218223.81306968
Q4JAK4,69.5,REP2,25843390.8039627
Q4JAK4,71.3,REP2,33079875.1333632
Q4JAK4,89.7,REP2,14980276.1801424
Q4JAK4,68.8,REP2,36418548.3760758
Q4JAK4,98.6,REP2,3955031.32413738
Q4JAK4,78.3,REP2,31946031.0715761
Q4JAK4,96.7,REP2,5976133.968317
Q4JAK4,74.3,REP2,32276584.592385
Q4JAK4,99.3,REP2,7648029.00716768
Q4JAK4,82.1,REP2,20822951.7264558
Q4JAK4,85.9,REP2,16895666.2692657
Q4J9V7,68.8,REP1,3933282.18588386
Q4J9V7,98.6,REP1,0.0
Q4J9V7,99.3,REP1,0.0
Q4J9V7,69.5,REP1,2287599.64587184
Q4J9V7,74.3,REP1,2513439.83860107
Q4J9V7,71.3,REP1,2529005.27412787
Q4J9V7,93.7,REP1,0.0
Q4J9V7,89.7,REP1,0.0
Q4J9V7,85.9,REP1,1921951.12288482
Q4J9V7,96.7,REP1,0.0
Q4J9V7,78.3,REP1,3640875.42953395
Q4J9V7,82.1,REP1,2596039.76379471
Q4J9R2,82.1,REP3,8641146.73232881
Q4J9R2,85.9,REP3,9272670.32172203
Q4J9R2,89.7,REP3,10136273.5193256
Q4J9R2,78.3,REP3,12199066.7419062
Q4J9R2,71.3,REP3,14430561.4149674
Q4J9R2,74.3,REP3,7627320.5448903
Q4J9R2,93.7,REP3,5354362.65542288
Q4J9R2,96.7,REP3,4958093.01298608
Q4J9R2,69.5,REP3,8911872.5112656
Q4J9R2,99.3,REP3,5125821.73898942
Q4J9R2,98.6,REP3,7671296.25686526
Q4J9R2,68.8,REP3,20577773.4880133
Q4JAV1,68.8,REP1,432116417.84938
Q4JAV1,98.6,REP1,69417560.6204804
Q4JAV1,99.3,REP1,70751788.0030669
Q4JAV1,69.5,REP1,333388299.949601
Q4JAV1,74.3,REP1,299336972.448538
Q4JAV1,71.3,REP1,413388691.809867
Q4JAV1,93.7,REP1,44741296.084467
Q4JAV1,89.7,REP1,98076249.0049409
Q4JAV1,85.9,REP1,131039616.115525
Q4JAV1,96.7,REP1,61832380.3369742
Q4JAV1,78.3,REP1,394946016.985392
Q4JAV1,82.1,REP1,311611687.226565
Q4J770,82.1,REP3,2846464.96596413
Q4J770,85.9,REP3,3447884.38309929
Q4J770,89.7,REP3,6138436.10002053
Q4J770,78.3,REP3,5658628.79577734
Q4J770,71.3,REP3,7964554.00191564
Q4J770,74.3,REP3,3834239.37546373
Q4J770,93.7,REP3,3260109.73356157
Q4J770,96.7,REP3,6113057.19670019
Q4J770,69.5,REP3,4254853.68354538
Q4J770,99.3,REP3,3697760.61545049
Q4J770,98.6,REP3,2948986.14045711
Q4J770,68.8,REP3,7084595.41204214
Q4J9M6,93.7,REP2,32949871.3198947
Q4J9M6,69.5,REP2,157830163.845806
Q4J9M6,71.3,REP2,187080106.146217
Q4J9M6,89.7,REP2,125052153.9168
Q4J9M6,68.8,REP2,219739164.485054
Q4J9M6,98.6,REP2,2922526.53317035
Q4J9M6,78.3,REP2,200750050.473154
Q4J9M6,96.7,REP2,9072467.23236081
Q4J9M6,74.3,REP2,156676874.381678
Q4J9M6,99.3,REP2,6259438.40443688
Q4J9M6,82.1,REP2,191358829.989876
Q4J9M6,85.9,REP2,147606412.253658
F2Z6H9,93.7,REP2,12281585.6783125
F2Z6H9,69.5,REP2,38104224.6311125
F2Z6H9,71.3,REP2,43361089.409495
F2Z6H9,89.7,REP2,15164185.2539371
F2Z6H9,68.8,REP2,44831767.02256
F2Z6H9,98.6,REP2,8937380.36316718
F2Z6H9,78.3,REP2,35793821.4162119
F2Z6H9,96.7,REP2,15506921.1961982
F2Z6H9,74.3,REP2,34795695.9160052
F2Z6H9,99.3,REP2,18048722.9166557
F2Z6H9,82.1,REP2,20238399.475653
F2Z6H9,85.9,REP2,4227512.0307432
Q4JAC7,93.7,REP2,4599070.27897064
Q4JAC7,69.5,REP2,19063513.046094
Q4JAC7,71.3,REP2,21553263.7250623
Q4JAC7,89.7,REP2,10851880.1547079
Q4JAC7,68.8,REP2,14702249.0531022
Q4JAC7,98.6,REP2,5840197.28870245
Q4JAC7,78.3,REP2,18941914.0065945
Q4JAC7,96.7,REP2,8952117.47291056
Q4JAC7,74.3,REP2,7044481.03921947
Q4JAC7,99.3,REP2,9496459.80198047
Q4JAC7,82.1,REP2,7023341.99783955
Q4JAC7,85.9,REP2,7074119.63233117
Q4JBB8,68.8,REP1,24590241.8607986
Q4JBB8,98.6,REP1,56515880.2139466
Q4JBB8,99.3,REP1,18844260.0032841
Q4JBB8,69.5,REP1,15685423.4895031
Q4JBB8,74.3,REP1,16431900.5335997
Q4JBB8,71.3,REP1,23682394.2174495
Q4JBB8,93.7,REP1,24111203.9040907
Q4JBB8,89.7,REP1,19142731.739885
Q4JBB8,85.9,REP1,19414417.0374623
Q4JBB8,96.7,REP1,56700944.4311688
Q4JBB8,78.3,REP1,22662152.049459
Q4JBB8,82.1,REP1,20886017.07123
Q4JCA7,68.8,REP1,76382451.6919316
Q4JCA7,98.6,REP1,6306153.73621432
Q4JCA7,99.3,REP1,11395367.5814031
Q4JCA7,69.5,REP1,107715537.216453
Q4JCA7,74.3,REP1,38853011.0821218
Q4JCA7,71.3,REP1,112600535.283125
Q4JCA7,93.7,REP1,20050622.5820372
Q4JCA7,89.7,REP1,72122132.6538935
Q4JCA7,85.9,REP1,38947777.7678414
Q4JCA7,96.7,REP1,20737911.1263247
Q4JCA7,78.3,REP1,111183844.687592
Q4JCA7,82.1,REP1,41611298.7218389
Q4J9G5,93.7,REP2,113767900.810691
Q4J9G5,69.5,REP2,216845784.388358
Q4J9G5,71.3,REP2,250477707.383708
Q4J9G5,89.7,REP2,240126220.10631
Q4J9G5,68.8,REP2,210040112.602404
Q4J9G5,98.6,REP2,80729984.5518742
Q4J9G5,78.3,REP2,256301759.728195
Q4J9G5,96.7,REP2,126306685.419822
Q4J9G5,74.3,REP2,118891786.256847
Q4J9G5,99.3,REP2,120870385.021694
Q4J9G5,82.1,REP2,121764687.300056
Q4J9G5,85.9,REP2,145120908.018822
Q4J7Y3,93.7,REP2,2755837.93777256
Q4J7Y3,69.5,REP2,10261686.4738533
Q4J7Y3,71.3,REP2,13044147.472883
Q4J7Y3,89.7,REP2,13573591.0894447
Q4J7Y3,68.8,REP2,12271711.6974918
Q4J7Y3,98.6,REP2,2080704.61992666
Q4J7Y3,78.3,REP2,12035901.7703079
Q4J7Y3,96.7,REP2,2119820.27460865
Q4J7Y3,74.3,REP2,8182081.80722988
Q4J7Y3,99.3,REP2,2199871.30360584
Q4J7Y3,82.1,REP2,13412564.8563335
Q4J7Y3,85.9,REP2,10092639.7734417
Q4J917,82.1,REP3,2954104.875
Q4J917,85.9,REP3,1911854.8125
Q4J917,89.7,REP3,1728080.47392212
Q4J917,78.3,REP3,3907198.625
Q4J917,71.3,REP3,8491716.87500001
Q4J917,74.3,REP3,4011308.31250001
Q4J917,93.7,REP3,712192.023437501
Q4J917,96.7,REP3,533113.5546875
Q4J917,69.5,REP3,7309008.00000001
Q4J917,99.3,REP3,600417.796875001
Q4J917,98.6,REP3,652525.390625001
Q4J917,68.8,REP3,13502535.875
Q4J9Q8,68.8,REP1,9956656.33444504
Q4J9Q8,98.6,REP1,2232367.65940853
Q4J9Q8,99.3,REP1,2392534.08972382
Q4J9Q8,69.5,REP1,12843435.8234875
Q4J9Q8,74.3,REP1,6271849.93116787
Q4J9Q8,71.3,REP1,14986462.0340655
Q4J9Q8,93.7,REP1,4026095.20953833
Q4J9Q8,89.7,REP1,8938815.11520975
Q4J9Q8,85.9,REP1,6739863.7448539
Q4J9Q8,96.7,REP1,3928538.80857056
Q4J9Q8,78.3,REP1,15552453.1071563
Q4J9Q8,82.1,REP1,7613545.65404591
Q4J7M3,82.1,REP3,5025952.79593841
Q4J7M3,85.9,REP3,734971.62118799
Q4J7M3,89.7,REP3,722934.83341472
Q4J7M3,78.3,REP3,6714138.06725689
Q4J7M3,71.3,REP3,9189770.12363622
Q4J7M3,74.3,REP3,3103783.55959249
Q4J7M3,93.7,REP3,0.0
Q4J7M3,96.7,REP3,0.0
Q4J7M3,69.5,REP3,3807466.05239881
Q4J7M3,99.3,REP3,0.0
Q4J7M3,98.6,REP3,0.0
Q4J7M3,68.8,REP3,8130021.19576885
Q4J6F3,68.8,REP1,21480932.5030474
Q4J6F3,98.6,REP1,3156111.50796897
Q4J6F3,99.3,REP1,2434468.43610643
Q4J6F3,69.5,REP1,9085288.26189534
Q4J6F3,74.3,REP1,6140775.34574668
Q4J6F3,71.3,REP1,18279253.1915331
Q4J6F3,93.7,REP1,2574155.26199113
Q4J6F3,89.7,REP1,7098597.30372489
Q4J6F3,85.9,REP1,9280319.66284851
Q4J6F3,96.7,REP1,2645572.27706821
Q4J6F3,78.3,REP1,14035261.0742673
Q4J6F3,82.1,REP1,10770703.2245651
Q4JBT5,93.7,REP2,18763169.8733017
Q4JBT5,69.5,REP2,122870465.443624
Q4JBT5,71.3,REP2,137074301.695493
Q4JBT5,89.7,REP2,40589536.5415522
Q4JBT5,68.8,REP2,167262548.508769
Q4JBT5,98.6,REP2,11907544.7916421
Q4JBT5,78.3,REP2,125029949.733348
Q4JBT5,96.7,REP2,14941630.3846667
Q4JBT5,74.3,REP2,100948683.425975
Q4JBT5,99.3,REP2,15508948.6608339
Q4JBT5,82.1,REP2,98345218.9245587
Q4JBT5,85.9,REP2,51836972.6863369
Q4J7M4,82.1,REP3,4365432.68564191
Q4J7M4,85.9,REP3,1785176.7365117
Q4J7M4,89.7,REP3,1729172.56891757
Q4J7M4,78.3,REP3,3642129.87073515
Q4J7M4,71.3,REP3,8783709.16865431
Q4J7M4,74.3,REP3,4139694.34411848
Q4J7M4,93.7,REP3,2141568.73383135
Q4J7M4,96.7,REP3,3058324.54133809
Q4J7M4,69.5,REP3,5897896.5460362
Q4J7M4,99.3,REP3,0.0
Q4J7M4,98.6,REP3,0.0
Q4J7M4,68.8,REP3,12752468.1994044
Q4J8C5,93.7,REP2,19429424.1543962
Q4J8C5,69.5,REP2,209632097.162761
Q4J8C5,71.3,REP2,208087135.276267
Q4J8C5,89.7,REP2,109010166.777338
Q4J8C5,68.8,REP2,104477451.590729
Q4J8C5,98.6,REP2,3427208.62945302
Q4J8C5,78.3,REP2,192170190.804982
Q4J8C5,96.7,REP2,16218950.18396
Q4J8C5,74.3,REP2,62495592.1979285
Q4J8C5,99.3,REP2,9183234.99455699
Q4J8C5,82.1,REP2,56703654.5055415
Q4J8C5,85.9,REP2,56365219.116404
Q4J9A7,93.7,REP2,553527.550963291
Q4J9A7,69.5,REP2,9485220.80912366
Q4J9A7,71.3,REP2,13410801.430584
Q4J9A7,89.7,REP2,1653462.7518672
Q4J9A7,68.8,REP2,16761160.6109268
Q4J9A7,98.6,REP2,0.0
Q4J9A7,78.3,REP2,13519636.9442568
Q4J9A7,96.7,REP2,2090530.90599323
Q4J9A7,74.3,REP2,9297666.8781811
Q4J9A7,99.3,REP2,1254904.10287102
Q4J9A7,82.1,REP2,7543608.37502659
Q4J9A7,85.9,REP2,2510770.53712105
Q4J9Y5,93.7,REP2,720586.138013646
Q4J9Y5,69.5,REP2,4492119.78273669
Q4J9Y5,71.3,REP2,6177872.73333612
Q4J9Y5,89.7,REP2,274347.126164856
Q4J9Y5,68.8,REP2,6849840.58615566
Q4J9Y5,98.6,REP2,0.0
Q4J9Y5,78.3,REP2,5220917.87862176
Q4J9Y5,96.7,REP2,0.0
Q4J9Y5,74.3,REP2,4495660.43852824
Q4J9Y5,99.3,REP2,0.0
Q4J9Y5,82.1,REP2,2974862.84319849
Q4J9Y5,85.9,REP2,1994233.29099664
Q4J9P6,82.1,REP3,17313071.3823777
Q4J9P6,85.9,REP3,15015580.8495358
Q4J9P6,89.7,REP3,14234227.7855792
Q4J9P6,78.3,REP3,22213424.1569268
Q4J9P6,71.3,REP3,22948039.1514066
Q4J9P6,74.3,REP3,15723647.3978052
Q4J9P6,93.7,REP3,15440948.8004081
Q4J9P6,96.7,REP3,12239903.576545
Q4J9P6,69.5,REP3,17835658.9486909
Q4J9P6,99.3,REP3,11515840.8841482
Q4J9P6,98.6,REP3,11117520.5806361
Q4J9P6,68.8,REP3,29063909.9359904
P46218,82.1,REP3,13690820.6278904
P46218,85.9,REP3,10227429.1512222
P46218,89.7,REP3,10890727.4045215
P46218,78.3,REP3,20198106.7899821
P46218,71.3,REP3,21979244.9789624
P46218,74.3,REP3,12487160.027788
P46218,93.7,REP3,1988595.43824863
P46218,96.7,REP3,2574442.78329189
P46218,69.5,REP3,17854025.2321151
P46218,99.3,REP3,2110650.89717378
P46218,98.6,REP3,17962942.3635702
P46218,68.8,REP3,32301348.4474668
Q4J8C6,93.7,REP2,6019807.63410518
Q4J8C6,69.5,REP2,11138304.9040718
Q4J8C6,71.3,REP2,12723244.7236785
Q4J8C6,89.7,REP2,11936220.3305439
Q4J8C6,68.8,REP2,14488123.083377
Q4J8C6,98.6,REP2,1117465.94910417
Q4J8C6,78.3,REP2,14143403.623918
Q4J8C6,96.7,REP2,1948618.92298817
Q4J8C6,74.3,REP2,10076347.4453104
Q4J8C6,99.3,REP2,1042425.73463185
Q4J8C6,82.1,REP2,8894672.46161577
Q4J8C6,85.9,REP2,9101968.19896679
Q4JAF3,68.8,REP1,71679255.3331118
Q4JAF3,98.6,REP1,9246218.56884719
Q4JAF3,99.3,REP1,8877429.54885739
Q4JAF3,69.5,REP1,42409730.7548054
Q4JAF3,74.3,REP1,35787128.2008475
Q4JAF3,71.3,REP1,56119250.7527518
Q4JAF3,93.7,REP1,10613108.2384594
Q4JAF3,89.7,REP1,19127527.9186038
Q4JAF3,85.9,REP1,23795339.9477331
Q4JAF3,96.7,REP1,9893836.38886986
Q4JAF3,78.3,REP1,49571680.4321697
Q4JAF3,82.1,REP1,35379889.2292117
Q4J9Y1,82.1,REP3,9884896.40984604
Q4J9Y1,85.9,REP3,4852194.5527353
Q4J9Y1,89.7,REP3,2813197.0771187
Q4J9Y1,78.3,REP3,9357883.02741661
Q4J9Y1,71.3,REP3,12133351.6166998
Q4J9Y1,74.3,REP3,5635063.47790413
Q4J9Y1,93.7,REP3,0.0
Q4J9Y1,96.7,REP3,0.0
Q4J9Y1,69.5,REP3,4284326.73391122
Q4J9Y1,99.3,REP3,1394040.65971185
Q4J9Y1,98.6,REP3,0.0
Q4J9Y1,68.8,REP3,10449654.9950981
P23112,68.8,REP1,595902719.836507
P23112,98.6,REP1,178031819.116943
P23112,99.3,REP1,307710131.713431
P23112,69.5,REP1,1016649918.13112
P23112,74.3,REP1,241190205.479342
P23112,71.3,REP1,1063982944.19814
P23112,93.7,REP1,288774095.324198
P23112,89.7,REP1,774956499.489011
P23112,85.9,REP1,263443911.324777
P23112,96.7,REP1,406370455.964473
P23112,78.3,REP1,1051069037.48969
P23112,82.1,REP1,256782008.000222
Q4J7P2,93.7,REP2,13467246.1142341
Q4J7P2,69.5,REP2,23393873.7664904
Q4J7P2,71.3,REP2,29504818.8673142
Q4J7P2,89.7,REP2,29079214.8395178
Q4J7P2,68.8,REP2,18232130.8500339
Q4J7P2,98.6,REP2,7152659.83334806
Q4J7P2,78.3,REP2,28618398.8733346
Q4J7P2,96.7,REP2,14202294.5210447
Q4J7P2,74.3,REP2,9855396.36725557
Q4J7P2,99.3,REP2,13709580.4036613
Q4J7P2,82.1,REP2,16157752.5138799
Q4J7P2,85.9,REP2,9295753.99648803
Q4J747,93.7,REP2,967088.849364964
Q4J747,69.5,REP2,2285691.33052256
Q4J747,71.3,REP2,3596692.01386919
Q4J747,89.7,REP2,2033829.51027679
Q4J747,68.8,REP2,3840864.43045272
Q4J747,98.6,REP2,546339.055952862
Q4J747,78.3,REP2,3017275.88727932
Q4J747,96.7,REP2,715732.812083764
Q4J747,74.3,REP2,2363008.05188642
Q4J747,99.3,REP2,836697.850533514
Q4J747,82.1,REP2,2267861.22137497
Q4J747,85.9,REP2,2049856.22653818
Q4J979,82.1,REP3,141727389.97241
Q4J979,85.9,REP3,96439445.2966285
Q4J979,89.7,REP3,29026121.0228174
Q4J979,78.3,REP3,141048930.959198
Q4J979,71.3,REP3,146123748.586276
Q4J979,74.3,REP3,124831868.796708
Q4J979,93.7,REP3,33888972.4703191
Q4J979,96.7,REP3,106819548.41329
Q4J979,69.5,REP3,111485025.010142
Q4J979,99.3,REP3,20803167.0953234
Q4J979,98.6,REP3,46217679.6740236
Q4J979,68.8,REP3,215338739.357118
Q4J6I5,93.7,REP2,1381049.5451678
Q4J6I5,69.5,REP2,22824023.0040266
Q4J6I5,71.3,REP2,33482690.4850227
Q4J6I5,89.7,REP2,29652991.6137699
Q4J6I5,68.8,REP2,31980230.8402193
Q4J6I5,98.6,REP2,0.0
Q4J6I5,78.3,REP2,34583219.8872645
Q4J6I5,96.7,REP2,720996.771887796
Q4J6I5,74.3,REP2,24586233.3063931
Q4J6I5,99.3,REP2,402711.668274267
Q4J6I5,82.1,REP2,2567701.03458636
Q4J6I5,85.9,REP2,16896537.939505
